[{"model": "admin.logentry", "pk": 1, "fields": {"action_time": "2025-08-01T08:20:35.970Z", "user": 1, "content_type": 12, "object_id": "1", "object_repr": "Matematika", "action_flag": 1, "change_message": "[{\"added\": {}}]"}}, {"model": "admin.logentry", "pk": 2, "fields": {"action_time": "2025-08-01T08:20:41.907Z", "user": 1, "content_type": 14, "object_id": "1", "object_repr": "Atkaklumas", "action_flag": 1, "change_message": "[{\"added\": {}}]"}}, {"model": "admin.logentry", "pk": 3, "fields": {"action_time": "2025-08-01T08:20:55.823Z", "user": 1, "content_type": 8, "object_id": "1", "object_repr": "Fokus test", "action_flag": 1, "change_message": "[{\"added\": {}}]"}}, {"model": "admin.logentry", "pk": 4, "fields": {"action_time": "2025-08-01T08:21:08.609Z", "user": 1, "content_type": 11, "object_id": "1", "object_repr": "Test geb4jimas", "action_flag": 1, "change_message": "[{\"added\": {}}]"}}, {"model": "admin.logentry", "pk": 5, "fields": {"action_time": "2025-08-01T08:21:12.355Z", "user": 1, "content_type": 6, "object_id": "1", "object_repr": "Test kompetencijos", "action_flag": 1, "change_message": "[{\"added\": {}}]"}}, {"model": "admin.logentry", "pk": 6, "fields": {"action_time": "2025-08-01T08:21:22.009Z", "user": 1, "content_type": 7, "object_id": "1", "object_repr": "Test komponentai", "action_flag": 1, "change_message": "[{\"added\": {}}]"}}, {"model": "admin.logentry", "pk": 7, "fields": {"action_time": "2025-08-01T08:22:01.317Z", "user": 1, "content_type": 15, "object_id": "1", "object_repr": "Saulius Anusas (saulius.anusas@gmail.com) - Mentor", "action_flag": 2, "change_message": "[{\"changed\": {\"fields\": [\"Role\"]}}]"}}, {"model": "admin.logentry", "pk": 8, "fields": {"action_time": "2025-08-01T08:22:08.114Z", "user": 1, "content_type": 21, "object_id": "1", "object_repr": "Saulius Anusas (saulius.anusas@gmail.com) - Mentor - Matematika", "action_flag": 1, "change_message": "[{\"added\": {}}]"}}, {"model": "admin.logentry", "pk": 9, "fields": {"action_time": "2025-08-01T08:22:24.905Z", "user": 1, "content_type": 9, "object_id": "1", "object_repr": "LVL1", "action_flag": 1, "change_message": "[{\"added\": {}}]"}}, {"model": "admin.logentry", "pk": 10, "fields": {"action_time": "2025-08-01T10:49:28.317Z", "user": 1, "content_type": 13, "object_id": "1", "object_repr": "Test tema", "action_flag": 1, "change_message": "[{\"added\": {}}]"}}, {"model": "admin.logentry", "pk": 11, "fields": {"action_time": "2025-08-01T10:49:50.299Z", "user": 1, "content_type": 16, "object_id": "1", "object_repr": "Test fron 1", "action_flag": 2, "change_message": "[{\"changed\": {\"fields\": [\"Dalykas\", \"Tema\"]}}]"}}, {"model": "admin.logentry", "pk": 12, "fields": {"action_time": "2025-08-01T11:46:16.478Z", "user": 1, "content_type": 14, "object_id": "2", "object_repr": "Nuošidumas", "action_flag": 1, "change_message": "[{\"added\": {}}]"}}, {"model": "admin.logentry", "pk": 13, "fields": {"action_time": "2025-08-01T11:46:38.450Z", "user": 1, "content_type": 9, "object_id": "2", "object_repr": "LVL2", "action_flag": 1, "change_message": "[{\"added\": {}}]"}}, {"model": "admin.logentry", "pk": 14, "fields": {"action_time": "2025-08-01T11:54:24.398Z", "user": 1, "content_type": 16, "object_id": "2", "object_repr": "Test front 2", "action_flag": 2, "change_message": "[{\"changed\": {\"fields\": [\"Dalykas\", \"Vertinimo kriterijai\"]}}]"}}, {"model": "admin.logentry", "pk": 15, "fields": {"action_time": "2025-08-03T16:30:29.715Z", "user": 1, "content_type": 12, "object_id": "2", "object_repr": "Liutuvių gramatika", "action_flag": 1, "change_message": "[{\"added\": {}}]"}}, {"model": "admin.logentry", "pk": 16, "fields": {"action_time": "2025-08-04T15:33:27.587Z", "user": 1, "content_type": 12, "object_id": "2", "object_repr": "Lietuvių gramatika", "action_flag": 2, "change_message": "[{\"changed\": {\"fields\": [\"Pavadinimas\"]}}]"}}, {"model": "admin.logentry", "pk": 17, "fields": {"action_time": "2025-08-04T16:56:10.995Z", "user": 1, "content_type": 12, "object_id": "3", "object_repr": "Lietuvių literatūra", "action_flag": 1, "change_message": "[{\"added\": {}}]"}}, {"model": "admin.logentry", "pk": 18, "fields": {"action_time": "2025-08-04T16:56:34.825Z", "user": 1, "content_type": 12, "object_id": "4", "object_repr": "Biologija gamtos mokslai", "action_flag": 1, "change_message": "[{\"added\": {}}]"}}, {"model": "admin.logentry", "pk": 19, "fields": {"action_time": "2025-08-04T16:56:41.907Z", "user": 1, "content_type": 12, "object_id": "5", "object_repr": "Chemija", "action_flag": 1, "change_message": "[{\"added\": {}}]"}}, {"model": "admin.logentry", "pk": 20, "fields": {"action_time": "2025-08-04T16:56:46.992Z", "user": 1, "content_type": 12, "object_id": "6", "object_repr": "English", "action_flag": 1, "change_message": "[{\"added\": {}}]"}}, {"model": "admin.logentry", "pk": 21, "fields": {"action_time": "2025-08-04T16:56:53.049Z", "user": 1, "content_type": 12, "object_id": "7", "object_repr": "Fizika", "action_flag": 1, "change_message": "[{\"added\": {}}]"}}, {"model": "admin.logentry", "pk": 22, "fields": {"action_time": "2025-08-04T16:57:02.940Z", "user": 1, "content_type": 12, "object_id": "8", "object_repr": "Humanitariniai socialiniai mokslai", "action_flag": 1, "change_message": "[{\"added\": {}}]"}}, {"model": "admin.logentry", "pk": 23, "fields": {"action_time": "2025-08-04T17:00:42.576Z", "user": 1, "content_type": 14, "object_id": "1", "object_repr": "Atkaklumas", "action_flag": 2, "change_message": "[{\"changed\": {\"fields\": [\"Apra\\u0161ymas\"]}}]"}}, {"model": "admin.logentry", "pk": 24, "fields": {"action_time": "2025-08-04T17:00:56.792Z", "user": 1, "content_type": 14, "object_id": "2", "object_repr": "Nuošidumas", "action_flag": 2, "change_message": "[{\"changed\": {\"fields\": [\"Apra\\u0161ymas\"]}}]"}}, {"model": "admin.logentry", "pk": 25, "fields": {"action_time": "2025-08-04T17:24:54.587Z", "user": 1, "content_type": 20, "object_id": "1", "object_repr": "Adomas Salinis (adomas.s@mokyklaatradimai.lt) - Student - Biologija gamtos mokslai (LVL2)", "action_flag": 1, "change_message": "[{\"added\": {}}]"}}, {"model": "admin.logentry", "pk": 26, "fields": {"action_time": "2025-08-04T17:26:35.333Z", "user": 1, "content_type": 9, "object_id": "3", "object_repr": "LVL3", "action_flag": 1, "change_message": "[{\"added\": {}}]"}}, {"model": "admin.logentry", "pk": 27, "fields": {"action_time": "2025-08-04T17:26:39.320Z", "user": 1, "content_type": 9, "object_id": "4", "object_repr": "LVL4", "action_flag": 1, "change_message": "[{\"added\": {}}]"}}, {"model": "admin.logentry", "pk": 28, "fields": {"action_time": "2025-08-04T17:26:43.753Z", "user": 1, "content_type": 9, "object_id": "5", "object_repr": "LVL5", "action_flag": 1, "change_message": "[{\"added\": {}}]"}}, {"model": "admin.logentry", "pk": 29, "fields": {"action_time": "2025-08-04T17:26:47.138Z", "user": 1, "content_type": 9, "object_id": "6", "object_repr": "LVL6", "action_flag": 1, "change_message": "[{\"added\": {}}]"}}, {"model": "auth.permission", "pk": 1, "fields": {"name": "Can add log entry", "content_type": 1, "codename": "add_logentry"}}, {"model": "auth.permission", "pk": 2, "fields": {"name": "Can change log entry", "content_type": 1, "codename": "change_logentry"}}, {"model": "auth.permission", "pk": 3, "fields": {"name": "Can delete log entry", "content_type": 1, "codename": "delete_logentry"}}, {"model": "auth.permission", "pk": 4, "fields": {"name": "Can view log entry", "content_type": 1, "codename": "view_logentry"}}, {"model": "auth.permission", "pk": 5, "fields": {"name": "Can add permission", "content_type": 2, "codename": "add_permission"}}, {"model": "auth.permission", "pk": 6, "fields": {"name": "Can change permission", "content_type": 2, "codename": "change_permission"}}, {"model": "auth.permission", "pk": 7, "fields": {"name": "Can delete permission", "content_type": 2, "codename": "delete_permission"}}, {"model": "auth.permission", "pk": 8, "fields": {"name": "Can view permission", "content_type": 2, "codename": "view_permission"}}, {"model": "auth.permission", "pk": 9, "fields": {"name": "Can add group", "content_type": 3, "codename": "add_group"}}, {"model": "auth.permission", "pk": 10, "fields": {"name": "Can change group", "content_type": 3, "codename": "change_group"}}, {"model": "auth.permission", "pk": 11, "fields": {"name": "Can delete group", "content_type": 3, "codename": "delete_group"}}, {"model": "auth.permission", "pk": 12, "fields": {"name": "Can view group", "content_type": 3, "codename": "view_group"}}, {"model": "auth.permission", "pk": 13, "fields": {"name": "Can add content type", "content_type": 4, "codename": "add_contenttype"}}, {"model": "auth.permission", "pk": 14, "fields": {"name": "Can change content type", "content_type": 4, "codename": "change_contenttype"}}, {"model": "auth.permission", "pk": 15, "fields": {"name": "Can delete content type", "content_type": 4, "codename": "delete_contenttype"}}, {"model": "auth.permission", "pk": 16, "fields": {"name": "Can view content type", "content_type": 4, "codename": "view_contenttype"}}, {"model": "auth.permission", "pk": 17, "fields": {"name": "Can add session", "content_type": 5, "codename": "add_session"}}, {"model": "auth.permission", "pk": 18, "fields": {"name": "Can change session", "content_type": 5, "codename": "change_session"}}, {"model": "auth.permission", "pk": 19, "fields": {"name": "Can delete session", "content_type": 5, "codename": "delete_session"}}, {"model": "auth.permission", "pk": 20, "fields": {"name": "Can view session", "content_type": 5, "codename": "view_session"}}, {"model": "auth.permission", "pk": 21, "fields": {"name": "Can add Kompetencija", "content_type": 6, "codename": "add_competency"}}, {"model": "auth.permission", "pk": 22, "fields": {"name": "Can change Kompetencija", "content_type": 6, "codename": "change_competency"}}, {"model": "auth.permission", "pk": 23, "fields": {"name": "Can delete Kompetencija", "content_type": 6, "codename": "delete_competency"}}, {"model": "auth.permission", "pk": 24, "fields": {"name": "Can view Kompetencija", "content_type": 6, "codename": "view_competency"}}, {"model": "auth.permission", "pk": 25, "fields": {"name": "Can add Komponentas", "content_type": 7, "codename": "add_component"}}, {"model": "auth.permission", "pk": 26, "fields": {"name": "Can change Komponentas", "content_type": 7, "codename": "change_component"}}, {"model": "auth.permission", "pk": 27, "fields": {"name": "Can delete Komponentas", "content_type": 7, "codename": "delete_component"}}, {"model": "auth.permission", "pk": 28, "fields": {"name": "Can view Komponentas", "content_type": 7, "codename": "view_component"}}, {"model": "auth.permission", "pk": 29, "fields": {"name": "Can add Dėmesio kryptis", "content_type": 8, "codename": "add_focus"}}, {"model": "auth.permission", "pk": 30, "fields": {"name": "Can change Dėmesio kryptis", "content_type": 8, "codename": "change_focus"}}, {"model": "auth.permission", "pk": 31, "fields": {"name": "Can delete Dėmesio kryptis", "content_type": 8, "codename": "delete_focus"}}, {"model": "auth.permission", "pk": 32, "fields": {"name": "Can view Dėmesio kryptis", "content_type": 8, "codename": "view_focus"}}, {"model": "auth.permission", "pk": 33, "fields": {"name": "Can add Mokymo lygis", "content_type": 9, "codename": "add_level"}}, {"model": "auth.permission", "pk": 34, "fields": {"name": "Can change Mokymo lygis", "content_type": 9, "codename": "change_level"}}, {"model": "auth.permission", "pk": 35, "fields": {"name": "Can delete Mokymo lygis", "content_type": 9, "codename": "delete_level"}}, {"model": "auth.permission", "pk": 36, "fields": {"name": "Can view Mokymo lygis", "content_type": 9, "codename": "view_level"}}, {"model": "auth.permission", "pk": 37, "fields": {"name": "Can add Tikslas", "content_type": 10, "codename": "add_objective"}}, {"model": "auth.permission", "pk": 38, "fields": {"name": "Can change Tikslas", "content_type": 10, "codename": "change_objective"}}, {"model": "auth.permission", "pk": 39, "fields": {"name": "Can delete Tikslas", "content_type": 10, "codename": "delete_objective"}}, {"model": "auth.permission", "pk": 40, "fields": {"name": "Can view Tikslas", "content_type": 10, "codename": "view_objective"}}, {"model": "auth.permission", "pk": 41, "fields": {"name": "Can add Gebėjimas", "content_type": 11, "codename": "add_skill"}}, {"model": "auth.permission", "pk": 42, "fields": {"name": "Can change Gebėjimas", "content_type": 11, "codename": "change_skill"}}, {"model": "auth.permission", "pk": 43, "fields": {"name": "Can delete Gebėjimas", "content_type": 11, "codename": "delete_skill"}}, {"model": "auth.permission", "pk": 44, "fields": {"name": "Can view Gebėjimas", "content_type": 11, "codename": "view_skill"}}, {"model": "auth.permission", "pk": 45, "fields": {"name": "Can add Dalykas", "content_type": 12, "codename": "add_subject"}}, {"model": "auth.permission", "pk": 46, "fields": {"name": "Can change Dalykas", "content_type": 12, "codename": "change_subject"}}, {"model": "auth.permission", "pk": 47, "fields": {"name": "Can delete Dalykas", "content_type": 12, "codename": "delete_subject"}}, {"model": "auth.permission", "pk": 48, "fields": {"name": "Can view Dalykas", "content_type": 12, "codename": "view_subject"}}, {"model": "auth.permission", "pk": 49, "fields": {"name": "Can add Tema", "content_type": 13, "codename": "add_topic"}}, {"model": "auth.permission", "pk": 50, "fields": {"name": "Can change Tema", "content_type": 13, "codename": "change_topic"}}, {"model": "auth.permission", "pk": 51, "fields": {"name": "Can delete Tema", "content_type": 13, "codename": "delete_topic"}}, {"model": "auth.permission", "pk": 52, "fields": {"name": "Can view Tema", "content_type": 13, "codename": "view_topic"}}, {"model": "auth.permission", "pk": 53, "fields": {"name": "Can add Dorybė", "content_type": 14, "codename": "add_virtue"}}, {"model": "auth.permission", "pk": 54, "fields": {"name": "Can change Dorybė", "content_type": 14, "codename": "change_virtue"}}, {"model": "auth.permission", "pk": 55, "fields": {"name": "Can delete Dorybė", "content_type": 14, "codename": "delete_virtue"}}, {"model": "auth.permission", "pk": 56, "fields": {"name": "Can view Dorybė", "content_type": 14, "codename": "view_virtue"}}, {"model": "auth.permission", "pk": 57, "fields": {"name": "Can add user", "content_type": 15, "codename": "add_user"}}, {"model": "auth.permission", "pk": 58, "fields": {"name": "Can change user", "content_type": 15, "codename": "change_user"}}, {"model": "auth.permission", "pk": 59, "fields": {"name": "Can delete user", "content_type": 15, "codename": "delete_user"}}, {"model": "auth.permission", "pk": 60, "fields": {"name": "Can view user", "content_type": 15, "codename": "view_user"}}, {"model": "auth.permission", "pk": 61, "fields": {"name": "Can add Pamoka", "content_type": 16, "codename": "add_lesson"}}, {"model": "auth.permission", "pk": 62, "fields": {"name": "Can change Pamoka", "content_type": 16, "codename": "change_lesson"}}, {"model": "auth.permission", "pk": 63, "fields": {"name": "Can delete Pamoka", "content_type": 16, "codename": "delete_lesson"}}, {"model": "auth.permission", "pk": 64, "fields": {"name": "Can view Pamoka", "content_type": 16, "codename": "view_lesson"}}, {"model": "auth.permission", "pk": 65, "fields": {"name": "Can add Pažymys", "content_type": 17, "codename": "add_grade"}}, {"model": "auth.permission", "pk": 66, "fields": {"name": "Can change Pažymys", "content_type": 17, "codename": "change_grade"}}, {"model": "auth.permission", "pk": 67, "fields": {"name": "Can delete Pažymys", "content_type": 17, "codename": "delete_grade"}}, {"model": "auth.permission", "pk": 68, "fields": {"name": "Can view Pažymys", "content_type": 17, "codename": "view_grade"}}, {"model": "auth.permission", "pk": 69, "fields": {"name": "Can add student-curator relationship", "content_type": 18, "codename": "add_studentcurator"}}, {"model": "auth.permission", "pk": 70, "fields": {"name": "Can change student-curator relationship", "content_type": 18, "codename": "change_studentcurator"}}, {"model": "auth.permission", "pk": 71, "fields": {"name": "Can delete student-curator relationship", "content_type": 18, "codename": "delete_studentcurator"}}, {"model": "auth.permission", "pk": 72, "fields": {"name": "Can view student-curator relationship", "content_type": 18, "codename": "view_studentcurator"}}, {"model": "auth.permission", "pk": 73, "fields": {"name": "Can add student-parent relationship", "content_type": 19, "codename": "add_studentparent"}}, {"model": "auth.permission", "pk": 74, "fields": {"name": "Can change student-parent relationship", "content_type": 19, "codename": "change_studentparent"}}, {"model": "auth.permission", "pk": 75, "fields": {"name": "Can delete student-parent relationship", "content_type": 19, "codename": "delete_studentparent"}}, {"model": "auth.permission", "pk": 76, "fields": {"name": "Can view student-parent relationship", "content_type": 19, "codename": "view_studentparent"}}, {"model": "auth.permission", "pk": 77, "fields": {"name": "Can add student subject level", "content_type": 20, "codename": "add_studentsubjectlevel"}}, {"model": "auth.permission", "pk": 78, "fields": {"name": "Can change student subject level", "content_type": 20, "codename": "change_studentsubjectlevel"}}, {"model": "auth.permission", "pk": 79, "fields": {"name": "Can delete student subject level", "content_type": 20, "codename": "delete_studentsubjectlevel"}}, {"model": "auth.permission", "pk": 80, "fields": {"name": "Can view student subject level", "content_type": 20, "codename": "view_studentsubjectlevel"}}, {"model": "auth.permission", "pk": 81, "fields": {"name": "Can add mentor subject", "content_type": 21, "codename": "add_mentorsubject"}}, {"model": "auth.permission", "pk": 82, "fields": {"name": "Can change mentor subject", "content_type": 21, "codename": "change_mentorsubject"}}, {"model": "auth.permission", "pk": 83, "fields": {"name": "Can delete mentor subject", "content_type": 21, "codename": "delete_mentorsubject"}}, {"model": "auth.permission", "pk": 84, "fields": {"name": "Can view mentor subject", "content_type": 21, "codename": "view_mentorsubject"}}, {"model": "auth.permission", "pk": 85, "fields": {"name": "Can add Kompetencijos pasiekimas", "content_type": 22, "codename": "add_competencyatcheve"}}, {"model": "auth.permission", "pk": 86, "fields": {"name": "Can change Kompetencijos pasiekimas", "content_type": 22, "codename": "change_competencyatcheve"}}, {"model": "auth.permission", "pk": 87, "fields": {"name": "Can delete Kompetencijos pasiekimas", "content_type": 22, "codename": "delete_competencyatcheve"}}, {"model": "auth.permission", "pk": 88, "fields": {"name": "Can view Kompetencijos pasiekimas", "content_type": 22, "codename": "view_competencyatcheve"}}, {"model": "contenttypes.contenttype", "pk": 1, "fields": {"app_label": "admin", "model": "logentry"}}, {"model": "contenttypes.contenttype", "pk": 2, "fields": {"app_label": "auth", "model": "permission"}}, {"model": "contenttypes.contenttype", "pk": 3, "fields": {"app_label": "auth", "model": "group"}}, {"model": "contenttypes.contenttype", "pk": 4, "fields": {"app_label": "contenttypes", "model": "contenttype"}}, {"model": "contenttypes.contenttype", "pk": 5, "fields": {"app_label": "sessions", "model": "session"}}, {"model": "contenttypes.contenttype", "pk": 6, "fields": {"app_label": "crm", "model": "competency"}}, {"model": "contenttypes.contenttype", "pk": 7, "fields": {"app_label": "crm", "model": "component"}}, {"model": "contenttypes.contenttype", "pk": 8, "fields": {"app_label": "crm", "model": "focus"}}, {"model": "contenttypes.contenttype", "pk": 9, "fields": {"app_label": "crm", "model": "level"}}, {"model": "contenttypes.contenttype", "pk": 10, "fields": {"app_label": "crm", "model": "objective"}}, {"model": "contenttypes.contenttype", "pk": 11, "fields": {"app_label": "crm", "model": "skill"}}, {"model": "contenttypes.contenttype", "pk": 12, "fields": {"app_label": "crm", "model": "subject"}}, {"model": "contenttypes.contenttype", "pk": 13, "fields": {"app_label": "crm", "model": "topic"}}, {"model": "contenttypes.contenttype", "pk": 14, "fields": {"app_label": "crm", "model": "virtue"}}, {"model": "contenttypes.contenttype", "pk": 15, "fields": {"app_label": "crm", "model": "user"}}, {"model": "contenttypes.contenttype", "pk": 16, "fields": {"app_label": "crm", "model": "lesson"}}, {"model": "contenttypes.contenttype", "pk": 17, "fields": {"app_label": "crm", "model": "grade"}}, {"model": "contenttypes.contenttype", "pk": 18, "fields": {"app_label": "crm", "model": "studentcurator"}}, {"model": "contenttypes.contenttype", "pk": 19, "fields": {"app_label": "crm", "model": "studentparent"}}, {"model": "contenttypes.contenttype", "pk": 20, "fields": {"app_label": "crm", "model": "studentsubjectlevel"}}, {"model": "contenttypes.contenttype", "pk": 21, "fields": {"app_label": "crm", "model": "mentorsubject"}}, {"model": "contenttypes.contenttype", "pk": 22, "fields": {"app_label": "crm", "model": "competencyatcheve"}}, {"model": "sessions.session", "pk": "4xy2gep51k7miihiistu4mhuila17i11", "fields": {"session_data": ".eJxVjEsOAiEQBe_C2pDANDRx6d4zTBoeyKiBZD4r4911klno9lXVe6lRtrWO25LncYI6K6NOv1uU9MhtB7hLu3WdelvnKepd0Qdd9LUjPy-H-3dQZanfmi0JgOiTBFApDBOIBpjoIjGllCysz7YgOMfCPudiiQ3L4DwE6v0BCuk4xw:1uixoz:mWB2rfFUGDX6vJPsTnGXhNNkszOCUgq0K_E2A5Xio6k", "expire_date": "2025-08-18T16:13:57.213Z"}}, {"model": "sessions.session", "pk": "5bgqyuzuh4py1nfmx5j6lz0owsbhwr0w", "fields": {"session_data": ".eJxVjEsOAiEQBe_C2pDANDRx6d4zTBoeyKiBZD4r4911klno9lXVe6lRtrWO25LncYI6K6NOv1uU9MhtB7hLu3WdelvnKepd0Qdd9LUjPy-H-3dQZanfmi0JgOiTBFApDBOIBpjoIjGllCysz7YgOMfCPudiiQ3L4DwE6v0BCuk4xw:1uibbH:sz7euhx9LrWm1-5pU0QTbas1RCQG0AW8_Xj-JNd1Cc4", "expire_date": "2025-08-17T16:30:19.334Z"}}, {"model": "sessions.session", "pk": "ff9s2v8n5yja84dd7uyl2sip4m6d6ea8", "fields": {"session_data": ".eJxVjEsOAiEQBe_C2pDANDRx6d4zTBoeyKiBZD4r4911klno9lXVe6lRtrWO25LncYI6K6NOv1uU9MhtB7hLu3WdelvnKepd0Qdd9LUjPy-H-3dQZanfmi0JgOiTBFApDBOIBpjoIjGllCysz7YgOMfCPudiiQ3L4DwE6v0BCuk4xw:1uhl02:HCIqKgQrRr5gUpyQK6aESFoIniphgR0YlF5boYhD-lw", "expire_date": "2025-08-15T08:20:22.232Z"}}, {"model": "sessions.session", "pk": "wtt98ych3v9aoidj9me1f3e96rszanoj", "fields": {"session_data": ".eJxVjEsOAiEQBe_C2pDANDRx6d4zTBoeyKiBZD4r4911klno9lXVe6lRtrWO25LncYI6K6NOv1uU9MhtB7hLu3WdelvnKepd0Qdd9LUjPy-H-3dQZanfmi0JgOiTBFApDBOIBpjoIjGllCysz7YgOMfCPudiiQ3L4DwE6v0BCuk4xw:1uix7F:ASGtJmheq6Rm7SjHR1V4AMAUZYpN-K4t5AfgedX5UJM", "expire_date": "2025-08-18T15:28:45.187Z"}}, {"model": "crm.user", "pk": 1, "fields": {"password": "pbkdf2_sha256$1000000$qZKOOav0olWJXEkB6yawxx$JEBSLZHaTJR2qS/8Uz143lW5SyLEzJGEIJ8R6WjhdYA=", "last_login": "2025-08-05T14:42:39.276Z", "is_superuser": true, "is_staff": true, "is_active": true, "date_joined": "2025-08-01T08:19:10Z", "first_name": "Saulius", "last_name": "Anusas", "birth_date": null, "email": "saulius.anusas@gmail.com", "phone_number": "", "role": "mentor", "contract_number": "", "groups": [], "user_permissions": []}}, {"model": "crm.user", "pk": 2, "fields": {"password": "pbkdf2_sha256$1000000$YUrAa19jYP1szpdoyKtMdp$hHgi0V0UVjsETQ32f6+9NuPFsxfvsoW7r+yLxrxptuQ=", "last_login": null, "is_superuser": false, "is_staff": false, "is_active": true, "date_joined": "2025-08-04T16:52:17.121Z", "first_name": "Adomas", "last_name": "Trinkūnas", "birth_date": null, "email": "adomas.t@mokyklaatradimai.lt", "phone_number": "", "role": "student", "contract_number": "", "groups": [], "user_permissions": []}}, {"model": "crm.user", "pk": 3, "fields": {"password": "pbkdf2_sha256$1000000$7sS0pl4zkOApCUlMvhdwdn$HqhJMRrRc7aYkm+LJYfhh5AqcVRTA15vpij4x+fKa8E=", "last_login": null, "is_superuser": false, "is_staff": false, "is_active": true, "date_joined": "2025-08-04T16:52:17.699Z", "first_name": "Adomas", "last_name": "Salinis", "birth_date": null, "email": "adomas.s@mokyklaatradimai.lt", "phone_number": "", "role": "student", "contract_number": "", "groups": [], "user_permissions": []}}, {"model": "crm.user", "pk": 4, "fields": {"password": "pbkdf2_sha256$1000000$0wjZ1mhKv327Qy1uzgdUpb$dGOyKU863xc+byMKsG/odv5p6kiEHfhjBIlB6OhoLXI=", "last_login": null, "is_superuser": false, "is_staff": false, "is_active": true, "date_joined": "2025-08-04T16:52:18.265Z", "first_name": "Andrius", "last_name": "Dikšaitis", "birth_date": null, "email": "andrius.d@mokyklaatradimai.lt", "phone_number": "", "role": "student", "contract_number": "", "groups": [], "user_permissions": []}}, {"model": "crm.user", "pk": 5, "fields": {"password": "pbkdf2_sha256$1000000$xNhm9PAeqp2wz5XdjueMRs$NDLFyBLf/BuwuNVqLFIX9pFVmzYngGQHfi/9ydrz9wY=", "last_login": null, "is_superuser": false, "is_staff": false, "is_active": true, "date_joined": "2025-08-04T16:52:18.832Z", "first_name": "Armandas", "last_name": "Kondrotas", "birth_date": null, "email": "armandas.k@mokyklaatradimai.lt", "phone_number": "", "role": "student", "contract_number": "", "groups": [], "user_permissions": []}}, {"model": "crm.user", "pk": 6, "fields": {"password": "pbkdf2_sha256$1000000$5xa1sKdG2wGcH39ufL1DGr$6F2tDsjDNYSyjNvvn4hu9hL/QPd5It6AerI0/VoYUZE=", "last_login": null, "is_superuser": false, "is_staff": false, "is_active": true, "date_joined": "2025-08-04T16:52:19.404Z", "first_name": "Armandas", "last_name": "Burba", "birth_date": null, "email": "armandas.b@mokyklaatradimai.lt", "phone_number": "", "role": "student", "contract_number": "", "groups": [], "user_permissions": []}}, {"model": "crm.user", "pk": 7, "fields": {"password": "pbkdf2_sha256$1000000$C4xkM8JqwM73hp5Cko0cYa$tozOoiQXdqNCozeNEbJoL1ynxhoOVt0lYMFiV7uzIEI=", "last_login": null, "is_superuser": false, "is_staff": false, "is_active": true, "date_joined": "2025-08-04T16:52:19.973Z", "first_name": "Augustas", "last_name": "Dikšaitis", "birth_date": null, "email": "augustas.d@mokyklaatradimai.lt", "phone_number": "", "role": "student", "contract_number": "", "groups": [], "user_permissions": []}}, {"model": "crm.user", "pk": 8, "fields": {"password": "pbkdf2_sha256$1000000$zNB9hcTVpSU8n8ZtEyAD2M$uS2NOqAuej/5FEUQ4xcs554BRijp3l0I6oHG+4Bmm5A=", "last_login": null, "is_superuser": false, "is_staff": false, "is_active": true, "date_joined": "2025-08-04T16:52:20.541Z", "first_name": "Augustinas", "last_name": "Danilevičius", "birth_date": null, "email": "augustinas.d@mokyklaatradimai.lt", "phone_number": "", "role": "student", "contract_number": "", "groups": [], "user_permissions": []}}, {"model": "crm.user", "pk": 9, "fields": {"password": "pbkdf2_sha256$1000000$nSChoVKo0IWcQa0784FHtd$MibHqKnwLvLDMOPXvfktxsIFoDMkLNmCUmNMM8lSV84=", "last_login": null, "is_superuser": false, "is_staff": false, "is_active": true, "date_joined": "2025-08-04T16:52:21.109Z", "first_name": "Barbora", "last_name": "Bartulytė", "birth_date": null, "email": "barbora.b@mokyklaatradimai.lt", "phone_number": "", "role": "student", "contract_number": "", "groups": [], "user_permissions": []}}, {"model": "crm.user", "pk": 10, "fields": {"password": "pbkdf2_sha256$1000000$bmU85FV5kCcp8frvWqBhDS$UimMK6Bj8Hc9iJLzqIMQxOO+15KOqBYfD0tpP19QONk=", "last_login": null, "is_superuser": false, "is_staff": false, "is_active": true, "date_joined": "2025-08-04T16:52:21.676Z", "first_name": "Barbora", "last_name": "Anusaitė", "birth_date": null, "email": "barbora.a@mokyklaatradimai.lt", "phone_number": "", "role": "student", "contract_number": "", "groups": [], "user_permissions": []}}, {"model": "crm.user", "pk": 11, "fields": {"password": "pbkdf2_sha256$1000000$Q0Fsg8YUTQ6CLl28woBD2A$SExB4c+MFKMdOkNG42kPsuqo8i9iCasEzNF2xTPG+dU=", "last_login": null, "is_superuser": false, "is_staff": false, "is_active": true, "date_joined": "2025-08-04T16:52:22.246Z", "first_name": "Bernadeta", "last_name": "Balčiūnaitė", "birth_date": null, "email": "bernadeta.b@mokyklaatradimai.lt", "phone_number": "", "role": "student", "contract_number": "", "groups": [], "user_permissions": []}}, {"model": "crm.user", "pk": 12, "fields": {"password": "pbkdf2_sha256$1000000$c7D8KnOmRATVRnXsCnfQWc$AhIMkN3q7BFIihuW6n2W8caQmR/muOqTdUEP9OMzQWM=", "last_login": null, "is_superuser": false, "is_staff": false, "is_active": true, "date_joined": "2025-08-04T16:52:22.813Z", "first_name": "Daniela", "last_name": "Džiautaitė", "birth_date": null, "email": "daniela.d@mokyklaatradimai.lt", "phone_number": "", "role": "student", "contract_number": "", "groups": [], "user_permissions": []}}, {"model": "crm.user", "pk": 13, "fields": {"password": "pbkdf2_sha256$1000000$YKWkvwr5Xf11UGsP2h6TzY$l5wUAVui+EqB02gpAH7hLGpVNoRZRiQqQ/kf7DB1DLI=", "last_login": null, "is_superuser": false, "is_staff": false, "is_active": true, "date_joined": "2025-08-04T16:52:23.386Z", "first_name": "Domas", "last_name": "Daugėla", "birth_date": null, "email": "domas.d@mokyklaatradimai.lt", "phone_number": "", "role": "student", "contract_number": "", "groups": [], "user_permissions": []}}, {"model": "crm.user", "pk": 14, "fields": {"password": "pbkdf2_sha256$1000000$gpJ0wTerJMLx8ML5NeGrE3$BIwLzpOZWCFYY6U9db45LMKf21HHf0wW6Xhxt0lHYQE=", "last_login": null, "is_superuser": false, "is_staff": false, "is_active": true, "date_joined": "2025-08-04T16:52:23.954Z", "first_name": "Donatas", "last_name": "Stanikūnas", "birth_date": null, "email": "donatas.s@mokyklaatradimai.lt", "phone_number": "", "role": "student", "contract_number": "", "groups": [], "user_permissions": []}}, {"model": "crm.user", "pk": 15, "fields": {"password": "pbkdf2_sha256$1000000$yqcWqWOxZ9Qw1fhhQtluSf$C22SGHiNeDh9nzFZj7LjAiCTU+VngXpz7B8PB5jzSNM=", "last_login": null, "is_superuser": false, "is_staff": false, "is_active": true, "date_joined": "2025-08-04T16:52:24.521Z", "first_name": "Dorotėja", "last_name": "Jekabsone", "birth_date": null, "email": "doroteja@mokyklaatradimai.lt", "phone_number": "", "role": "student", "contract_number": "", "groups": [], "user_permissions": []}}, {"model": "crm.user", "pk": 16, "fields": {"password": "pbkdf2_sha256$1000000$y6eTGJcMoGoKwfrtF8SITu$FDNlnt8kNLZH/GiQV/GzYtPzewNoFfXdbFbA13d3tSI=", "last_login": null, "is_superuser": false, "is_staff": false, "is_active": true, "date_joined": "2025-08-04T16:52:25.089Z", "first_name": "Dovydas", "last_name": "Baltramonaitis", "birth_date": null, "email": "dovydas.b@mokyklaatradimai.lt", "phone_number": "", "role": "student", "contract_number": "", "groups": [], "user_permissions": []}}, {"model": "crm.user", "pk": 17, "fields": {"password": "pbkdf2_sha256$1000000$aYdOzBo4T2CrDNJdgrDuAT$IggTus8B3kTz/VE67f/IbKMaTGFrl/3+d5TqRZyuspg=", "last_login": null, "is_superuser": false, "is_staff": false, "is_active": true, "date_joined": "2025-08-04T16:52:25.655Z", "first_name": "Emanuelė", "last_name": "Molotokaitė", "birth_date": null, "email": "emanuele@mokyklaatradimai.lt", "phone_number": "", "role": "student", "contract_number": "", "groups": [], "user_permissions": []}}, {"model": "crm.user", "pk": 18, "fields": {"password": "pbkdf2_sha256$1000000$ySIx8GSwrBSRc9Dpm568id$NniB/rWMuPMUL/0befhtNpHvXKmX5oJV0Km9a4J2w/k=", "last_login": null, "is_superuser": false, "is_staff": false, "is_active": true, "date_joined": "2025-08-04T16:52:26.221Z", "first_name": "Emilija", "last_name": "Kostiukaitė", "birth_date": null, "email": "emilija.k@mokyklaatradimai.lt", "phone_number": "", "role": "student", "contract_number": "", "groups": [], "user_permissions": []}}, {"model": "crm.user", "pk": 19, "fields": {"password": "pbkdf2_sha256$1000000$JnHzbEwdzhB3P1jmtBgL2i$MNHD2C9ElgBHjSgpLC8kpm+5Z9ODzwWTS9hG/ggdHG4=", "last_login": null, "is_superuser": false, "is_staff": false, "is_active": true, "date_joined": "2025-08-04T16:52:26.787Z", "first_name": "Faustina", "last_name": "Molotokaitė", "birth_date": null, "email": "faustina@mokyklaatradimai.lt", "phone_number": "", "role": "student", "contract_number": "", "groups": [], "user_permissions": []}}, {"model": "crm.user", "pk": 20, "fields": {"password": "pbkdf2_sha256$1000000$thb5YpRpy6DokPUFfl1hgV$3yw7lMSzcYAkjwNOz/z56H+FH4ovF5+wvCDtUmho5DA=", "last_login": null, "is_superuser": false, "is_staff": false, "is_active": true, "date_joined": "2025-08-04T16:52:27.362Z", "first_name": "Gabija", "last_name": "Stasiukaitytė", "birth_date": null, "email": "gabija.s@mokyklaatradimai.lt", "phone_number": "", "role": "student", "contract_number": "", "groups": [], "user_permissions": []}}, {"model": "crm.user", "pk": 21, "fields": {"password": "pbkdf2_sha256$1000000$D2shSquCb5236gpkPRUs4f$5oVDMWbJlp6ntdMVPxCllRNqVZxjqEtXPDLgy+720AY=", "last_login": null, "is_superuser": false, "is_staff": false, "is_active": true, "date_joined": "2025-08-04T16:52:27.927Z", "first_name": "Gabrielius", "last_name": "Molotokas", "birth_date": null, "email": "gabrielius.m@mokyklaatradimai.lt", "phone_number": "", "role": "student", "contract_number": "", "groups": [], "user_permissions": []}}, {"model": "crm.user", "pk": 22, "fields": {"password": "pbkdf2_sha256$1000000$JYkEaCKyyuelW0mLB92bWr$wapJBs55fa7MA+eZj6XsqsBiphsSEE5nok7FNoKyNiA=", "last_login": null, "is_superuser": false, "is_staff": false, "is_active": true, "date_joined": "2025-08-04T16:52:28.496Z", "first_name": "Guostė", "last_name": "Aleknaitė", "birth_date": null, "email": "guoste@mokyklaatradimai.lt", "phone_number": "", "role": "student", "contract_number": "", "groups": [], "user_permissions": []}}, {"model": "crm.user", "pk": 23, "fields": {"password": "pbkdf2_sha256$1000000$NVcrCfDPlOC2zbKFLdGLwN$QNtMDV0TLr0qw22WROStOQ0OcVDRW4d6UUCgDqQnJ8g=", "last_login": null, "is_superuser": false, "is_staff": false, "is_active": true, "date_joined": "2025-08-04T16:52:29.062Z", "first_name": "Gustas", "last_name": "Skaržinskas", "birth_date": null, "email": "gustas.s@mokyklaatradimai.lt", "phone_number": "", "role": "student", "contract_number": "", "groups": [], "user_permissions": []}}, {"model": "crm.user", "pk": 24, "fields": {"password": "pbkdf2_sha256$1000000$MCpg19ZdueR4mZFpqUIcnk$c0dApHq9z/M26VZ1LwgMSOjFRTdcxYaq5DwAk+ACohw=", "last_login": null, "is_superuser": false, "is_staff": false, "is_active": true, "date_joined": "2025-08-04T16:52:29.629Z", "first_name": "Gustė", "last_name": "Markevičiūtė", "birth_date": null, "email": "guste.m@mokyklaatradimai.lt", "phone_number": "", "role": "student", "contract_number": "", "groups": [], "user_permissions": []}}, {"model": "crm.user", "pk": 25, "fields": {"password": "pbkdf2_sha256$1000000$sNrmJVAsBrlto26BZKeDVJ$Wcl0jGSf36snyJ0WwBKsUl9vjt74Mvjwf6iV/oDUaTQ=", "last_login": null, "is_superuser": false, "is_staff": false, "is_active": true, "date_joined": "2025-08-04T16:52:30.198Z", "first_name": "Henrikas", "last_name": "Aleknavičius", "birth_date": null, "email": "henrikas.a@mokyklaatradimai.lt", "phone_number": "", "role": "student", "contract_number": "", "groups": [], "user_permissions": []}}, {"model": "crm.user", "pk": 26, "fields": {"password": "pbkdf2_sha256$1000000$14a9HkZa9QgB4m1hcKejVn$9EJIY/Eo+wzFuRhuCI71/XCYnlg7pl15m8uh4dRzY9M=", "last_login": null, "is_superuser": false, "is_staff": false, "is_active": true, "date_joined": "2025-08-04T16:52:30.764Z", "first_name": "Ieva", "last_name": "Keizerytė", "birth_date": null, "email": "ieva.k@mokyklaatradimai.lt", "phone_number": "", "role": "student", "contract_number": "", "groups": [], "user_permissions": []}}, {"model": "crm.user", "pk": 27, "fields": {"password": "pbkdf2_sha256$1000000$BL6jp7WX3WLtsTwrRzDTap$QgjVYKn5JMoOyHfyBq12MC0GltQ5az/jF/Sj20XV2jE=", "last_login": null, "is_superuser": false, "is_staff": false, "is_active": true, "date_joined": "2025-08-04T16:52:31.327Z", "first_name": "Ieva", "last_name": "Klimavičiūtė", "birth_date": null, "email": "ieva.klim@mokyklaatradimai.lt", "phone_number": "", "role": "student", "contract_number": "", "groups": [], "user_permissions": []}}, {"model": "crm.user", "pk": 28, "fields": {"password": "pbkdf2_sha256$1000000$oko98znvZZVZbL0aWGtEwA$bZDihEm+stKUGnRv/Jml1RbZg/Tmb2p+2iAUnPBHZrA=", "last_login": null, "is_superuser": false, "is_staff": false, "is_active": true, "date_joined": "2025-08-04T16:52:31.895Z", "first_name": "Jokūbas", "last_name": "Dudonis", "birth_date": null, "email": "jokubas@mokyklaatradimai.lt", "phone_number": "", "role": "student", "contract_number": "", "groups": [], "user_permissions": []}}, {"model": "crm.user", "pk": 29, "fields": {"password": "pbkdf2_sha256$1000000$2KwZgR6b3i8g5PGuiM2uAV$XdDtWsFAAcuWXBBNPRBCm5DGdYc/BDHAng5dEo3Gy38=", "last_login": null, "is_superuser": false, "is_staff": false, "is_active": true, "date_joined": "2025-08-04T16:52:32.481Z", "first_name": "Jomantas", "last_name": "Šmigelskis", "birth_date": null, "email": "jomantas.s@mokyklaatradimai.lt", "phone_number": "", "role": "student", "contract_number": "", "groups": [], "user_permissions": []}}, {"model": "crm.user", "pk": 30, "fields": {"password": "pbkdf2_sha256$1000000$wb3jBhMPLjx1BnzxciEexY$S8/xy5NIall8n97KHOowFB5UTI1MX8PAsz45fHPGYL8=", "last_login": null, "is_superuser": false, "is_staff": false, "is_active": true, "date_joined": "2025-08-04T16:52:33.062Z", "first_name": "Jonas", "last_name": "Kostiukas", "birth_date": null, "email": "jonas@mokyklaatradimai.lt", "phone_number": "", "role": "student", "contract_number": "", "groups": [], "user_permissions": []}}, {"model": "crm.user", "pk": 31, "fields": {"password": "pbkdf2_sha256$1000000$hZxN1Ds8mx9fjp9jzuQWQ5$GhE3kgXAuzsX8UxR98oV+tk92nwAcJizKKnVhRwQf/s=", "last_login": null, "is_superuser": false, "is_staff": false, "is_active": true, "date_joined": "2025-08-04T16:52:33.637Z", "first_name": "Jonas", "last_name": "Malinauskas", "birth_date": null, "email": "jonas.m@mokyklaatradimai.lt", "phone_number": "", "role": "student", "contract_number": "", "groups": [], "user_permissions": []}}, {"model": "crm.user", "pk": 32, "fields": {"password": "pbkdf2_sha256$1000000$5xupZI2xr0N7wmszc8N5UK$XA2P/KjkJRbkcWFvp2tv8JjEcKznQSenlIMNirxS+SA=", "last_login": null, "is_superuser": false, "is_staff": false, "is_active": true, "date_joined": "2025-08-04T16:52:34.210Z", "first_name": "Joris", "last_name": "Brukas-Ragaišis", "birth_date": null, "email": "joris.b.r@mokyklaatradimai.lt", "phone_number": "", "role": "student", "contract_number": "", "groups": [], "user_permissions": []}}, {"model": "crm.user", "pk": 33, "fields": {"password": "pbkdf2_sha256$1000000$XJl4eN4OBuDK1wcBPzc9ml$SKTndRf6sGGDzcj6Wu+GZ0FHq+GsthEE1vO+9GhDbug=", "last_login": null, "is_superuser": false, "is_staff": false, "is_active": true, "date_joined": "2025-08-04T16:52:34.781Z", "first_name": "Jurgis", "last_name": "Grosbahs", "birth_date": null, "email": "jurgis.g@mokyklaatradimai.lt", "phone_number": "", "role": "student", "contract_number": "", "groups": [], "user_permissions": []}}, {"model": "crm.user", "pk": 34, "fields": {"password": "pbkdf2_sha256$1000000$48uzRV4VhxegWEIP7w8h6J$aXmBwVM1mWF1ota/LBMA9+GVgoZEVcy5iDCtUw4K9XQ=", "last_login": null, "is_superuser": false, "is_staff": false, "is_active": true, "date_joined": "2025-08-04T16:52:35.351Z", "first_name": "Justas", "last_name": "Keizeris", "birth_date": null, "email": "justas.k@mokyklaatradimai.lt", "phone_number": "", "role": "student", "contract_number": "", "groups": [], "user_permissions": []}}, {"model": "crm.user", "pk": 35, "fields": {"password": "pbkdf2_sha256$1000000$TNpYASHBOI2A43SeflIZQc$GoFr/WrjNKjWh+ZdnelKmE7rlF5nXOpjh1o/PyHiFj8=", "last_login": null, "is_superuser": false, "is_staff": false, "is_active": true, "date_joined": "2025-08-04T16:52:35.920Z", "first_name": "Klara", "last_name": "Stanaitytė", "birth_date": null, "email": "klara.s@mokyklaatradimai.lt", "phone_number": "", "role": "student", "contract_number": "", "groups": [], "user_permissions": []}}, {"model": "crm.user", "pk": 36, "fields": {"password": "pbkdf2_sha256$1000000$uRRXQ5q1Q2bWB7MErQ9Qdf$8HGq3dhGiWDGZWsAof90VLzhX8RH9Sggn0hrkRrIWxY=", "last_login": null, "is_superuser": false, "is_staff": false, "is_active": true, "date_joined": "2025-08-04T16:52:36.493Z", "first_name": "Luknė", "last_name": "Markevičiūtė", "birth_date": null, "email": "lukne.m@mokyklaatradimai.lt", "phone_number": "", "role": "student", "contract_number": "", "groups": [], "user_permissions": []}}, {"model": "crm.user", "pk": 37, "fields": {"password": "pbkdf2_sha256$1000000$NqHZkgVyOnG4VbcnuPGy2u$D/d9LYrV4at1njcaXm0+O1xIzdoB9rJRR3e2jL48rtU=", "last_login": null, "is_superuser": false, "is_staff": false, "is_active": true, "date_joined": "2025-08-04T16:52:37.063Z", "first_name": "Maja", "last_name": "Gelman", "birth_date": null, "email": "maja.g@mokyklaatradimai.lt", "phone_number": "", "role": "student", "contract_number": "", "groups": [], "user_permissions": []}}, {"model": "crm.user", "pk": 38, "fields": {"password": "pbkdf2_sha256$1000000$dHtvcD4Ti0XYdcr8NFEAZl$8ZIvxnS2VqePzNVfxVgvxzqULL9OJ+fh+yePtsbLtz0=", "last_login": null, "is_superuser": false, "is_staff": false, "is_active": true, "date_joined": "2025-08-04T16:52:37.638Z", "first_name": "Mantas", "last_name": "Urba", "birth_date": null, "email": "mantas.u@mokyklaatradimai.lt", "phone_number": "", "role": "student", "contract_number": "", "groups": [], "user_permissions": []}}, {"model": "crm.user", "pk": 39, "fields": {"password": "pbkdf2_sha256$1000000$Om6tBxVwyGDjDcW6wLlmLo$gevdyWJ6s+I0VH9GdDLHfI2Kw8YFRUjva6R4TwFmW6A=", "last_login": null, "is_superuser": false, "is_staff": false, "is_active": true, "date_joined": "2025-08-04T16:52:38.208Z", "first_name": "Marija", "last_name": "Burtovaja", "birth_date": null, "email": "marija.b@mokyklaatradimai.lt", "phone_number": "", "role": "student", "contract_number": "", "groups": [], "user_permissions": []}}, {"model": "crm.user", "pk": 40, "fields": {"password": "pbkdf2_sha256$1000000$B5sEfMSHu1zO6th8qyDng8$gX5EWxwE5OYc387WpL8/gDoOh1MUPTTUSaP7d1elzTU=", "last_login": null, "is_superuser": false, "is_staff": false, "is_active": true, "date_joined": "2025-08-04T16:52:38.777Z", "first_name": "Matas", "last_name": "Germanavičius", "birth_date": null, "email": "matas.g@mokyklaatradimai.lt", "phone_number": "", "role": "student", "contract_number": "", "groups": [], "user_permissions": []}}, {"model": "crm.user", "pk": 41, "fields": {"password": "pbkdf2_sha256$1000000$8hEJuNkTSuDqspaA0mvKxr$pmzEyszgkBaRyxJMo3KbHDye9D0ADEHMxMjkLpcy1HE=", "last_login": null, "is_superuser": false, "is_staff": false, "is_active": true, "date_joined": "2025-08-04T16:52:39.348Z", "first_name": "Miglė", "last_name": "Čijunskytė", "birth_date": null, "email": "migle.c@mokyklaatradimai.lt", "phone_number": "", "role": "student", "contract_number": "", "groups": [], "user_permissions": []}}, {"model": "crm.user", "pk": 42, "fields": {"password": "pbkdf2_sha256$1000000$TKqew52c3Zc1pCQJ4BOYLt$CF4yXNaeNNZSVpwZTpBB0NbR+Ahv9yEnm4KlVXuJ36g=", "last_login": null, "is_superuser": false, "is_staff": false, "is_active": true, "date_joined": "2025-08-04T16:52:39.919Z", "first_name": "Milda", "last_name": "Tananaitė", "birth_date": null, "email": "milda.t@mokyklaatradimai.lt", "phone_number": "", "role": "student", "contract_number": "", "groups": [], "user_permissions": []}}, {"model": "crm.user", "pk": 43, "fields": {"password": "pbkdf2_sha256$1000000$dd0JhkKJKsk6LTARrBuy1X$TTpxzTtadfd7G4VYGq3xZ3w9pmsPK9Om4kKCeQ6NKY0=", "last_login": null, "is_superuser": false, "is_staff": false, "is_active": true, "date_joined": "2025-08-04T16:52:40.490Z", "first_name": "Monika Ugnė", "last_name": "Zakrytė", "birth_date": null, "email": "monika.z@mokyklaatradimai.lt", "phone_number": "", "role": "student", "contract_number": "", "groups": [], "user_permissions": []}}, {"model": "crm.user", "pk": 44, "fields": {"password": "pbkdf2_sha256$1000000$APer0LHyvtILdIehp2fKdS$RiQDyLzwEFIgulCt5WluNtiryv5wvbHZ3Jrc/DF+ho0=", "last_login": null, "is_superuser": false, "is_staff": false, "is_active": true, "date_joined": "2025-08-04T16:52:41.060Z", "first_name": "Nadija", "last_name": "Ivanauskaitė", "birth_date": null, "email": "nadija.i@mokyklaatradimai.lt", "phone_number": "", "role": "student", "contract_number": "", "groups": [], "user_permissions": []}}, {"model": "crm.user", "pk": 45, "fields": {"password": "pbkdf2_sha256$1000000$7pFPGPfoNL2gClPZvdPtOv$eQU2okcb3dWhLlQEbprI0GdTziSAeXUBGonruZmWzvs=", "last_login": null, "is_superuser": false, "is_staff": false, "is_active": true, "date_joined": "2025-08-04T16:52:41.635Z", "first_name": "Naglis", "last_name": "Lipinskas", "birth_date": null, "email": "naglis.l@mokyklaatradimai.lt", "phone_number": "", "role": "student", "contract_number": "", "groups": [], "user_permissions": []}}, {"model": "crm.user", "pk": 46, "fields": {"password": "pbkdf2_sha256$1000000$tyWE6CyP759nlgfl66GiGS$kuQxWmLm+Q9Bc7yrsZKuMdV6Lc0ATt8kwRK0zDNA+DE=", "last_login": null, "is_superuser": false, "is_staff": false, "is_active": true, "date_joined": "2025-08-04T16:52:42.220Z", "first_name": "Nojus", "last_name": "Adomkevičius", "birth_date": null, "email": "nojus.a@mokyklaatradimai.lt", "phone_number": "", "role": "student", "contract_number": "", "groups": [], "user_permissions": []}}, {"model": "crm.user", "pk": 47, "fields": {"password": "pbkdf2_sha256$1000000$6YuTQGEFLMrHJTe1Vd2bgG$AwmDMB2CwOpoR5b2XXqumHYFTlXADudQO6Hco5bz0ZI=", "last_login": null, "is_superuser": false, "is_staff": false, "is_active": true, "date_joined": "2025-08-04T16:52:42.789Z", "first_name": "Nojus", "last_name": "Gerulskis", "birth_date": null, "email": "nojus.g@mokyklaatradimai.lt", "phone_number": "", "role": "student", "contract_number": "", "groups": [], "user_permissions": []}}, {"model": "crm.user", "pk": 48, "fields": {"password": "pbkdf2_sha256$1000000$eVyEYu7Q4oQepRGIDfPhwH$AeXMouIGPU63Kj2A15ATMPYLM7ulAahOw3rmnn9tmjk=", "last_login": null, "is_superuser": false, "is_staff": false, "is_active": true, "date_joined": "2025-08-04T16:52:43.364Z", "first_name": "Ona", "last_name": "Danilevičiūtė", "birth_date": null, "email": "ona.d@mokyklaatradimai.lt", "phone_number": "", "role": "student", "contract_number": "", "groups": [], "user_permissions": []}}, {"model": "crm.user", "pk": 49, "fields": {"password": "pbkdf2_sha256$1000000$qXbf4zRLtw2ndlxa8eUF6w$gHYixGtcsc0W6WQriqnyDLyKV2Fy2AF1rNv61bIz3fc=", "last_login": null, "is_superuser": false, "is_staff": false, "is_active": true, "date_joined": "2025-08-04T16:52:43.938Z", "first_name": "Paulina", "last_name": "Narkevičiūtė", "birth_date": null, "email": "paulina.n@mokyklaatradimai.lt", "phone_number": "", "role": "student", "contract_number": "", "groups": [], "user_permissions": []}}, {"model": "crm.user", "pk": 50, "fields": {"password": "pbkdf2_sha256$1000000$STepqba8z0gZtu7swb5vns$1MTubgBasYNg3pqSRkDHhWk/7r7YJREpFn1vDCUlxks=", "last_login": null, "is_superuser": false, "is_staff": false, "is_active": true, "date_joined": "2025-08-04T16:52:44.517Z", "first_name": "Paulius", "last_name": "Jegelevičius", "birth_date": null, "email": "paulius@mokyklaatradimai.lt", "phone_number": "", "role": "student", "contract_number": "", "groups": [], "user_permissions": []}}, {"model": "crm.user", "pk": 51, "fields": {"password": "pbkdf2_sha256$1000000$rrKPOTVcKyhFYvzdveg9Qp$efS7d/HLB82YBR7KvLVl+QPoynESkST8OPHf2eEFKtw=", "last_login": null, "is_superuser": false, "is_staff": false, "is_active": true, "date_joined": "2025-08-04T16:52:45.088Z", "first_name": "Pijus", "last_name": "Daugėla", "birth_date": null, "email": "pijus.d@mokyklaatradimai.lt", "phone_number": "", "role": "student", "contract_number": "", "groups": [], "user_permissions": []}}, {"model": "crm.user", "pk": 52, "fields": {"password": "pbkdf2_sha256$1000000$nwKHNn2WnY0Vi6JIAI3kAq$Np/BRh+reH4me5Y7RWVYeE5wrB3tAoBuLyDyNAvM6sU=", "last_login": null, "is_superuser": false, "is_staff": false, "is_active": true, "date_joined": "2025-08-04T16:52:45.737Z", "first_name": "Povilas", "last_name": "Jarmalavičius", "birth_date": null, "email": "povilas.j@mokyklaatradimai.lt", "phone_number": "", "role": "student", "contract_number": "", "groups": [], "user_permissions": []}}, {"model": "crm.user", "pk": 53, "fields": {"password": "pbkdf2_sha256$1000000$r5swMFKTai6hKiyU58gs2D$htGPgr4R0Q9ASFLRbMlhfYvYaPUupEQAYO8U9mGqR24=", "last_login": null, "is_superuser": false, "is_staff": false, "is_active": true, "date_joined": "2025-08-04T16:52:46.377Z", "first_name": "Rasa", "last_name": "Grosbaha", "birth_date": null, "email": "rasa.g@mokyklaatradimai.lt", "phone_number": "", "role": "student", "contract_number": "", "groups": [], "user_permissions": []}}, {"model": "crm.user", "pk": 54, "fields": {"password": "pbkdf2_sha256$1000000$3rL7ZDcNUCeP5W5KQzIlpV$r3YHTsQoFrhBMxOKWbLrqiiCADZQ2mSRdBYpOsGAbb0=", "last_login": null, "is_superuser": false, "is_staff": false, "is_active": true, "date_joined": "2025-08-04T16:52:46.981Z", "first_name": "Rasytė", "last_name": "Jundulaitė", "birth_date": null, "email": "rasyte@mokyklaatradimai.lt", "phone_number": "", "role": "student", "contract_number": "", "groups": [], "user_permissions": []}}, {"model": "crm.user", "pk": 55, "fields": {"password": "pbkdf2_sha256$1000000$OJPZIYoJ8UQmrLt3E184g2$7FaU/j9kCQJLoRcNxgQOwKZS3nNxkP9IAiYrQeB+6cs=", "last_login": null, "is_superuser": false, "is_staff": false, "is_active": true, "date_joined": "2025-08-04T16:52:47.594Z", "first_name": "Ridas", "last_name": "Vilčiauskas", "birth_date": null, "email": "ridas.v@mokyklaatradimai.lt", "phone_number": "", "role": "student", "contract_number": "", "groups": [], "user_permissions": []}}, {"model": "crm.user", "pk": 56, "fields": {"password": "pbkdf2_sha256$1000000$QcqINaMFUdgV6TBNRHkgXf$4argITp7vC/TksS2AiEs9Wja9R3sLbAcCTUZHUXPZjs=", "last_login": null, "is_superuser": false, "is_staff": false, "is_active": true, "date_joined": "2025-08-04T16:52:48.206Z", "first_name": "Rokas", "last_name": "Maželis", "birth_date": null, "email": "rokas@mokyklaatradimai.lt", "phone_number": "", "role": "student", "contract_number": "", "groups": [], "user_permissions": []}}, {"model": "crm.user", "pk": 57, "fields": {"password": "pbkdf2_sha256$1000000$yb7EGDwAP9ilrDwSTvoF5h$tFP76zVibyttfw4wqH4OdngJOTGSOaBHu+CIOilm0ro=", "last_login": null, "is_superuser": false, "is_staff": false, "is_active": true, "date_joined": "2025-08-04T16:52:48.809Z", "first_name": "Rytė", "last_name": "Sakalaitė", "birth_date": null, "email": "ryte@mokyklaatradimai.lt", "phone_number": "", "role": "student", "contract_number": "", "groups": [], "user_permissions": []}}, {"model": "crm.user", "pk": 58, "fields": {"password": "pbkdf2_sha256$1000000$PsZdUbGrUkphCmXC3cm2jK$ailuTuUDr6+dfOGAn3NAJmjC5di9V8XGosJynaNKyyI=", "last_login": null, "is_superuser": false, "is_staff": false, "is_active": true, "date_joined": "2025-08-04T16:52:49.414Z", "first_name": "Saulius", "last_name": "Kaunelis", "birth_date": null, "email": "saulius.k@mokyklaatradimai.lt", "phone_number": "", "role": "student", "contract_number": "", "groups": [], "user_permissions": []}}, {"model": "crm.user", "pk": 59, "fields": {"password": "pbkdf2_sha256$1000000$qeGCWgDWOaJXvgNELPfc8t$3wTRepJ7ZJjU7D0lcUo55ciY3EcAyuVZkaYEulfzlFg=", "last_login": null, "is_superuser": false, "is_staff": false, "is_active": true, "date_joined": "2025-08-04T16:52:50.010Z", "first_name": "Sigutė", "last_name": "Lipinskaitė", "birth_date": null, "email": "sigute@mokyklaatradimai.lt", "phone_number": "", "role": "student", "contract_number": "", "groups": [], "user_permissions": []}}, {"model": "crm.user", "pk": 60, "fields": {"password": "pbkdf2_sha256$1000000$DnXLJ4MUJYwk1zw2tUZB0z$GBdMJRmh5Edm5jqO4WsKHKK5pXVfQdqvD8RNHbCJplw=", "last_login": null, "is_superuser": false, "is_staff": false, "is_active": true, "date_joined": "2025-08-04T16:52:50.650Z", "first_name": "Simonas", "last_name": "Anusas", "birth_date": null, "email": "simonas.a@mokyklaatradimai.lt", "phone_number": "", "role": "student", "contract_number": "", "groups": [], "user_permissions": []}}, {"model": "crm.user", "pk": 61, "fields": {"password": "pbkdf2_sha256$1000000$39rjVWAAtNa2eBxpVlSlRL$MyTgV94ErMnHpHnycHMMuWwP3xti75fPkihPIv6fDX4=", "last_login": null, "is_superuser": false, "is_staff": false, "is_active": true, "date_joined": "2025-08-04T16:52:51.281Z", "first_name": "Tadas", "last_name": "Poderis", "birth_date": null, "email": "tadas.p@mokyklaatradimai.lt", "phone_number": "", "role": "student", "contract_number": "", "groups": [], "user_permissions": []}}, {"model": "crm.user", "pk": 62, "fields": {"password": "pbkdf2_sha256$1000000$m34VzbHf7JzhYEmRjhiOFe$L+5rHyT/vGmfDKTpSp4SAnEzrEOrsjt+GmvqkiS35Q8=", "last_login": null, "is_superuser": false, "is_staff": false, "is_active": true, "date_joined": "2025-08-04T16:52:51.861Z", "first_name": "Tadas", "last_name": "Požėra", "birth_date": null, "email": "tadas.pozera@mokyklaatradimai.lt", "phone_number": "", "role": "student", "contract_number": "", "groups": [], "user_permissions": []}}, {"model": "crm.user", "pk": 63, "fields": {"password": "pbkdf2_sha256$1000000$vaa6UfH7TiYj5E33Wi8ghf$bosAHJf73ZnlG72dj5g5v1Lt27EG4LfcmOtAtPRDSxc=", "last_login": null, "is_superuser": false, "is_staff": false, "is_active": true, "date_joined": "2025-08-04T16:52:52.462Z", "first_name": "Ugnė", "last_name": "Stasiūnaitytė", "birth_date": null, "email": "ugne.s@mokyklaatradimai.lt", "phone_number": "", "role": "student", "contract_number": "", "groups": [], "user_permissions": []}}, {"model": "crm.user", "pk": 64, "fields": {"password": "pbkdf2_sha256$1000000$ENzQCG49P4EojY0fjSNKCU$E6hVmAZ9Fn1DGwjNEXy8/+JiPaOtS486OqRp1lN5ZcY=", "last_login": null, "is_superuser": false, "is_staff": false, "is_active": true, "date_joined": "2025-08-04T16:52:53.038Z", "first_name": "Vaidotas", "last_name": "Laurinaitis", "birth_date": null, "email": "vaidotas.l@mokyklaatradimai.lt", "phone_number": "", "role": "student", "contract_number": "", "groups": [], "user_permissions": []}}, {"model": "crm.user", "pk": 65, "fields": {"password": "pbkdf2_sha256$1000000$7hMGpIYOM7oAtzrZa4G7UT$le/gj/9aAXZfoAAZkweXvCuGbTUupa+uKnvorPcy228=", "last_login": null, "is_superuser": false, "is_staff": false, "is_active": true, "date_joined": "2025-08-04T16:52:53.624Z", "first_name": "Vaiva", "last_name": "Sušinskaitė", "birth_date": null, "email": "vaiva.s@mokyklaatradimai.lt", "phone_number": "", "role": "student", "contract_number": "", "groups": [], "user_permissions": []}}, {"model": "crm.user", "pk": 66, "fields": {"password": "pbkdf2_sha256$1000000$ScKKr2cuFZVNlZSadn3ifL$sq/6Nt2JomtSMQkiHG7NFPl2eHkmwCqsIruBjeja4x0=", "last_login": null, "is_superuser": false, "is_staff": false, "is_active": true, "date_joined": "2025-08-04T16:52:54.207Z", "first_name": "Vesta", "last_name": "Žiobaitė", "birth_date": null, "email": "vesta@mokyklaatradimai.lt", "phone_number": "", "role": "student", "contract_number": "", "groups": [], "user_permissions": []}}, {"model": "crm.user", "pk": 67, "fields": {"password": "pbkdf2_sha256$1000000$2FVkZy3JAkENELfcMymKUB$f+piJHQP8p1hA00wf1zBIlMqECPRd5lj5pitWb3Yn94=", "last_login": null, "is_superuser": false, "is_staff": false, "is_active": true, "date_joined": "2025-08-04T16:52:54.796Z", "first_name": "Vytautas", "last_name": "Bagdžiūnas", "birth_date": null, "email": "vytautas@mokyklaatradimai.lt", "phone_number": "", "role": "student", "contract_number": "", "groups": [], "user_permissions": []}}, {"model": "crm.user", "pk": 68, "fields": {"password": "pbkdf2_sha256$1000000$S6LAo7lDKYR7Ji533WsnFw$3YHeQ5RU9P+iEkrhPHtSxlMwW1SlDYpQX32wuyza3fg=", "last_login": null, "is_superuser": false, "is_staff": false, "is_active": true, "date_joined": "2025-08-04T16:52:55.377Z", "first_name": "Vytautas", "last_name": "Jonaitis", "birth_date": null, "email": "vytautas.j@mokyklaatradimai.lt", "phone_number": "", "role": "student", "contract_number": "", "groups": [], "user_permissions": []}}, {"model": "crm.user", "pk": 69, "fields": {"password": "pbkdf2_sha256$1000000$UDXZBBx8N8EBvPRb2bQuSf$iGUWkKOA8LLD/aOI/ae5FWdWtW4WSZMHRSM2i+dHwOo=", "last_login": null, "is_superuser": false, "is_staff": false, "is_active": true, "date_joined": "2025-08-04T16:52:55.947Z", "first_name": "Vėjūnė", "last_name": "Virbalytė", "birth_date": null, "email": "vejune@mokyklaatradimai.lt", "phone_number": "", "role": "student", "contract_number": "", "groups": [], "user_permissions": []}}, {"model": "crm.user", "pk": 70, "fields": {"password": "pbkdf2_sha256$1000000$8qIF4G30w3XIIsL0YTc9MW$JdRW5gpElHjJZzzU+VbXKTiF9d3mvS6m6Vt/hfUvSeM=", "last_login": null, "is_superuser": false, "is_staff": false, "is_active": true, "date_joined": "2025-08-04T16:52:56.526Z", "first_name": "Ąžuolas", "last_name": "Matiušovas", "birth_date": null, "email": "azuolas.m@mokyklaatradimai.lt", "phone_number": "", "role": "student", "contract_number": "", "groups": [], "user_permissions": []}}, {"model": "crm.user", "pk": 71, "fields": {"password": "pbkdf2_sha256$1000000$5xEI8aA4ApTTlWlXW4NcCH$0jSgENPjW4NfboGsBvwQTPA0yTgj55f4ndD7J26mGjU=", "last_login": null, "is_superuser": false, "is_staff": false, "is_active": true, "date_joined": "2025-08-04T16:52:57.098Z", "first_name": "Ąžuolas", "last_name": "Putna", "birth_date": null, "email": "azuolas@mokyklaatradimai.lt", "phone_number": "", "role": "student", "contract_number": "", "groups": [], "user_permissions": []}}, {"model": "crm.user", "pk": 72, "fields": {"password": "pbkdf2_sha256$1000000$IJ40SxXvJL7OumfxVuXqh3$n/NZKFa0vuJtA/ii4s4ZJV3uIbQYBLQI3JoecJxRcKg=", "last_login": null, "is_superuser": false, "is_staff": false, "is_active": true, "date_joined": "2025-08-04T16:52:57.692Z", "first_name": "Ąžuolas", "last_name": "Dungveckis", "birth_date": null, "email": "azuolas.d@mokyklaatradimai.lt", "phone_number": "", "role": "student", "contract_number": "", "groups": [], "user_permissions": []}}, {"model": "crm.user", "pk": 73, "fields": {"password": "pbkdf2_sha256$1000000$M1jD4H0m8VdVt0X9YOs7xH$K9o4fT4YgSkG0EP1mbHRvcvF8Kmkair7NlKqwzsEA1s=", "last_login": null, "is_superuser": false, "is_staff": false, "is_active": true, "date_joined": "2025-08-04T16:52:58.269Z", "first_name": "Šarūnas", "last_name": "Žioba", "birth_date": null, "email": "sarunas@mokyklaatradimai.lt", "phone_number": "", "role": "student", "contract_number": "", "groups": [], "user_permissions": []}}, {"model": "crm.user", "pk": 74, "fields": {"password": "pbkdf2_sha256$1000000$KOSoPgS9zBKPBL83cx5nfD$uBjNF5Unc9kNXPaLoCVtuMB3XWyr1tx4mzAKHotgXE0=", "last_login": null, "is_superuser": false, "is_staff": false, "is_active": true, "date_joined": "2025-08-04T16:52:58.841Z", "first_name": "Gabrielė", "last_name": "Vitkevičiūtė", "birth_date": null, "email": "gabriele.v@mokyklaatradimai.lt", "phone_number": "", "role": "student", "contract_number": "", "groups": [], "user_permissions": []}}, {"model": "crm.user", "pk": 75, "fields": {"password": "pbkdf2_sha256$1000000$qKu1XOCnp6XdWE9co6aADg$KuI94ZcxRNzJQ9E6L4M/w8UhuGUtkX5h2YvYc/euQNc=", "last_login": null, "is_superuser": false, "is_staff": false, "is_active": true, "date_joined": "2025-08-04T16:52:59.408Z", "first_name": "Gvidas", "last_name": "Ardzevičius", "birth_date": null, "email": "gvidas@mokyklaatradimai.lt", "phone_number": "", "role": "student", "contract_number": "", "groups": [], "user_permissions": []}}, {"model": "crm.user", "pk": 76, "fields": {"password": "pbkdf2_sha256$1000000$fJGNFM24l3DMBYmmx1fjT0$rg/btiOICnREUtHWQjgIXJKLNLpKsNVB9aTml60KTHk=", "last_login": null, "is_superuser": false, "is_staff": false, "is_active": true, "date_joined": "2025-08-04T16:52:59.979Z", "first_name": "Motiejus", "last_name": "Pakštys", "birth_date": null, "email": "motiejus.p@mokyklaatradimai.lt", "phone_number": "", "role": "student", "contract_number": "", "groups": [], "user_permissions": []}}, {"model": "crm.user", "pk": 77, "fields": {"password": "pbkdf2_sha256$1000000$z1ypIX9WyawuUqqXjN59w7$ulUTuoacTRZm8PRCdbyCahTB4+C6lX+W8uXa7pqQGqc=", "last_login": null, "is_superuser": false, "is_staff": false, "is_active": true, "date_joined": "2025-08-04T16:53:00.555Z", "first_name": "Dovilė", "last_name": "Aleknaitė", "birth_date": null, "email": "dovile.a@mokyklaatradimai.lt", "phone_number": "", "role": "student", "contract_number": "", "groups": [], "user_permissions": []}}, {"model": "crm.user", "pk": 78, "fields": {"password": "pbkdf2_sha256$1000000$eFtnccDHYdEmtqyfy432Cs$sKrxC4OtYHYidwamGYoYE5VqkqUNbFgPvjnsutCbSP4=", "last_login": null, "is_superuser": false, "is_staff": false, "is_active": true, "date_joined": "2025-08-04T16:53:01.132Z", "first_name": "Beniamino", "last_name": "Stea", "birth_date": null, "email": "beniamino.s@mokyklaatradimai.lt", "phone_number": "", "role": "student", "contract_number": "", "groups": [], "user_permissions": []}}, {"model": "crm.studentsubjectlevel", "pk": 2, "fields": {"student": 2, "subject": 4, "level": 5, "created_at": "2025-08-04T17:32:25.956Z", "updated_at": "2025-08-04T17:32:25.956Z"}}, {"model": "crm.studentsubjectlevel", "pk": 3, "fields": {"student": 2, "subject": 5, "level": 4, "created_at": "2025-08-04T17:32:25.961Z", "updated_at": "2025-08-04T17:32:25.961Z"}}, {"model": "crm.studentsubjectlevel", "pk": 4, "fields": {"student": 2, "subject": 6, "level": 3, "created_at": "2025-08-04T17:32:25.968Z", "updated_at": "2025-08-04T17:32:25.969Z"}}, {"model": "crm.studentsubjectlevel", "pk": 5, "fields": {"student": 2, "subject": 7, "level": 5, "created_at": "2025-08-04T17:32:25.975Z", "updated_at": "2025-08-04T17:32:25.975Z"}}, {"model": "crm.studentsubjectlevel", "pk": 6, "fields": {"student": 2, "subject": 8, "level": 5, "created_at": "2025-08-04T17:32:25.980Z", "updated_at": "2025-08-04T17:32:25.980Z"}}, {"model": "crm.studentsubjectlevel", "pk": 7, "fields": {"student": 2, "subject": 2, "level": 2, "created_at": "2025-08-04T17:32:25.985Z", "updated_at": "2025-08-04T17:32:25.985Z"}}, {"model": "crm.studentsubjectlevel", "pk": 8, "fields": {"student": 2, "subject": 3, "level": 1, "created_at": "2025-08-04T17:32:25.989Z", "updated_at": "2025-08-04T17:32:25.989Z"}}, {"model": "crm.studentsubjectlevel", "pk": 9, "fields": {"student": 2, "subject": 1, "level": 4, "created_at": "2025-08-04T17:32:25.992Z", "updated_at": "2025-08-04T17:32:25.992Z"}}, {"model": "crm.studentsubjectlevel", "pk": 10, "fields": {"student": 3, "subject": 4, "level": 2, "created_at": "2025-08-04T17:32:25.996Z", "updated_at": "2025-08-04T17:32:25.996Z"}}, {"model": "crm.studentsubjectlevel", "pk": 11, "fields": {"student": 3, "subject": 5, "level": 1, "created_at": "2025-08-04T17:32:26.000Z", "updated_at": "2025-08-04T17:32:26.000Z"}}, {"model": "crm.studentsubjectlevel", "pk": 12, "fields": {"student": 3, "subject": 6, "level": 1, "created_at": "2025-08-04T17:32:26.004Z", "updated_at": "2025-08-04T17:32:26.004Z"}}, {"model": "crm.studentsubjectlevel", "pk": 13, "fields": {"student": 3, "subject": 7, "level": 5, "created_at": "2025-08-04T17:32:26.009Z", "updated_at": "2025-08-04T17:32:26.009Z"}}, {"model": "crm.studentsubjectlevel", "pk": 14, "fields": {"student": 3, "subject": 8, "level": 2, "created_at": "2025-08-04T17:32:26.012Z", "updated_at": "2025-08-04T17:32:26.013Z"}}, {"model": "crm.studentsubjectlevel", "pk": 15, "fields": {"student": 3, "subject": 2, "level": 6, "created_at": "2025-08-04T17:32:26.017Z", "updated_at": "2025-08-04T17:32:26.017Z"}}, {"model": "crm.studentsubjectlevel", "pk": 16, "fields": {"student": 3, "subject": 3, "level": 5, "created_at": "2025-08-04T17:32:26.020Z", "updated_at": "2025-08-04T17:32:26.020Z"}}, {"model": "crm.studentsubjectlevel", "pk": 17, "fields": {"student": 3, "subject": 1, "level": 4, "created_at": "2025-08-04T17:32:26.023Z", "updated_at": "2025-08-04T17:32:26.023Z"}}, {"model": "crm.studentsubjectlevel", "pk": 18, "fields": {"student": 4, "subject": 4, "level": 4, "created_at": "2025-08-04T17:32:26.026Z", "updated_at": "2025-08-04T17:32:26.026Z"}}, {"model": "crm.studentsubjectlevel", "pk": 19, "fields": {"student": 4, "subject": 5, "level": 5, "created_at": "2025-08-04T17:32:26.030Z", "updated_at": "2025-08-04T17:32:26.030Z"}}, {"model": "crm.studentsubjectlevel", "pk": 20, "fields": {"student": 4, "subject": 6, "level": 2, "created_at": "2025-08-04T17:32:26.033Z", "updated_at": "2025-08-04T17:32:26.033Z"}}, {"model": "crm.studentsubjectlevel", "pk": 21, "fields": {"student": 4, "subject": 7, "level": 6, "created_at": "2025-08-04T17:32:26.037Z", "updated_at": "2025-08-04T17:32:26.037Z"}}, {"model": "crm.studentsubjectlevel", "pk": 22, "fields": {"student": 4, "subject": 8, "level": 4, "created_at": "2025-08-04T17:32:26.041Z", "updated_at": "2025-08-04T17:32:26.041Z"}}, {"model": "crm.studentsubjectlevel", "pk": 23, "fields": {"student": 4, "subject": 2, "level": 6, "created_at": "2025-08-04T17:32:26.045Z", "updated_at": "2025-08-04T17:32:26.045Z"}}, {"model": "crm.studentsubjectlevel", "pk": 24, "fields": {"student": 4, "subject": 3, "level": 3, "created_at": "2025-08-04T17:32:26.049Z", "updated_at": "2025-08-04T17:32:26.049Z"}}, {"model": "crm.studentsubjectlevel", "pk": 25, "fields": {"student": 4, "subject": 1, "level": 4, "created_at": "2025-08-04T17:32:26.052Z", "updated_at": "2025-08-04T17:32:26.052Z"}}, {"model": "crm.studentsubjectlevel", "pk": 26, "fields": {"student": 5, "subject": 4, "level": 4, "created_at": "2025-08-04T17:32:26.055Z", "updated_at": "2025-08-04T17:32:26.055Z"}}, {"model": "crm.studentsubjectlevel", "pk": 27, "fields": {"student": 5, "subject": 5, "level": 5, "created_at": "2025-08-04T17:32:26.058Z", "updated_at": "2025-08-04T17:32:26.058Z"}}, {"model": "crm.studentsubjectlevel", "pk": 28, "fields": {"student": 5, "subject": 6, "level": 1, "created_at": "2025-08-04T17:32:26.061Z", "updated_at": "2025-08-04T17:32:26.061Z"}}, {"model": "crm.studentsubjectlevel", "pk": 29, "fields": {"student": 5, "subject": 7, "level": 5, "created_at": "2025-08-04T17:32:26.065Z", "updated_at": "2025-08-04T17:32:26.065Z"}}, {"model": "crm.studentsubjectlevel", "pk": 30, "fields": {"student": 5, "subject": 8, "level": 3, "created_at": "2025-08-04T17:32:26.068Z", "updated_at": "2025-08-04T17:32:26.068Z"}}, {"model": "crm.studentsubjectlevel", "pk": 31, "fields": {"student": 5, "subject": 2, "level": 1, "created_at": "2025-08-04T17:32:26.071Z", "updated_at": "2025-08-04T17:32:26.071Z"}}, {"model": "crm.studentsubjectlevel", "pk": 32, "fields": {"student": 5, "subject": 3, "level": 4, "created_at": "2025-08-04T17:32:26.075Z", "updated_at": "2025-08-04T17:32:26.075Z"}}, {"model": "crm.studentsubjectlevel", "pk": 33, "fields": {"student": 5, "subject": 1, "level": 5, "created_at": "2025-08-04T17:32:26.079Z", "updated_at": "2025-08-04T17:32:26.079Z"}}, {"model": "crm.studentsubjectlevel", "pk": 34, "fields": {"student": 6, "subject": 4, "level": 6, "created_at": "2025-08-04T17:32:26.082Z", "updated_at": "2025-08-04T17:32:26.082Z"}}, {"model": "crm.studentsubjectlevel", "pk": 35, "fields": {"student": 6, "subject": 5, "level": 5, "created_at": "2025-08-04T17:32:26.086Z", "updated_at": "2025-08-04T17:32:26.086Z"}}, {"model": "crm.studentsubjectlevel", "pk": 36, "fields": {"student": 6, "subject": 6, "level": 5, "created_at": "2025-08-04T17:32:26.089Z", "updated_at": "2025-08-04T17:32:26.089Z"}}, {"model": "crm.studentsubjectlevel", "pk": 37, "fields": {"student": 6, "subject": 7, "level": 2, "created_at": "2025-08-04T17:32:26.092Z", "updated_at": "2025-08-04T17:32:26.092Z"}}, {"model": "crm.studentsubjectlevel", "pk": 38, "fields": {"student": 6, "subject": 8, "level": 5, "created_at": "2025-08-04T17:32:26.095Z", "updated_at": "2025-08-04T17:32:26.095Z"}}, {"model": "crm.studentsubjectlevel", "pk": 39, "fields": {"student": 6, "subject": 2, "level": 6, "created_at": "2025-08-04T17:32:26.098Z", "updated_at": "2025-08-04T17:32:26.098Z"}}, {"model": "crm.studentsubjectlevel", "pk": 40, "fields": {"student": 6, "subject": 3, "level": 2, "created_at": "2025-08-04T17:32:26.101Z", "updated_at": "2025-08-04T17:32:26.101Z"}}, {"model": "crm.studentsubjectlevel", "pk": 41, "fields": {"student": 6, "subject": 1, "level": 6, "created_at": "2025-08-04T17:32:26.106Z", "updated_at": "2025-08-04T17:32:26.106Z"}}, {"model": "crm.studentsubjectlevel", "pk": 42, "fields": {"student": 7, "subject": 4, "level": 6, "created_at": "2025-08-04T17:32:26.109Z", "updated_at": "2025-08-04T17:32:26.109Z"}}, {"model": "crm.studentsubjectlevel", "pk": 43, "fields": {"student": 7, "subject": 5, "level": 3, "created_at": "2025-08-04T17:32:26.113Z", "updated_at": "2025-08-04T17:32:26.113Z"}}, {"model": "crm.studentsubjectlevel", "pk": 44, "fields": {"student": 7, "subject": 6, "level": 3, "created_at": "2025-08-04T17:32:26.116Z", "updated_at": "2025-08-04T17:32:26.116Z"}}, {"model": "crm.studentsubjectlevel", "pk": 45, "fields": {"student": 7, "subject": 7, "level": 1, "created_at": "2025-08-04T17:32:26.119Z", "updated_at": "2025-08-04T17:32:26.119Z"}}, {"model": "crm.studentsubjectlevel", "pk": 46, "fields": {"student": 7, "subject": 8, "level": 2, "created_at": "2025-08-04T17:32:26.122Z", "updated_at": "2025-08-04T17:32:26.122Z"}}, {"model": "crm.studentsubjectlevel", "pk": 47, "fields": {"student": 7, "subject": 2, "level": 1, "created_at": "2025-08-04T17:32:26.125Z", "updated_at": "2025-08-04T17:32:26.125Z"}}, {"model": "crm.studentsubjectlevel", "pk": 48, "fields": {"student": 7, "subject": 3, "level": 6, "created_at": "2025-08-04T17:32:26.128Z", "updated_at": "2025-08-04T17:32:26.128Z"}}, {"model": "crm.studentsubjectlevel", "pk": 49, "fields": {"student": 7, "subject": 1, "level": 5, "created_at": "2025-08-04T17:32:26.131Z", "updated_at": "2025-08-04T17:32:26.131Z"}}, {"model": "crm.studentsubjectlevel", "pk": 50, "fields": {"student": 8, "subject": 4, "level": 5, "created_at": "2025-08-04T17:32:26.135Z", "updated_at": "2025-08-04T17:32:26.135Z"}}, {"model": "crm.studentsubjectlevel", "pk": 51, "fields": {"student": 8, "subject": 5, "level": 2, "created_at": "2025-08-04T17:32:26.138Z", "updated_at": "2025-08-04T17:32:26.138Z"}}, {"model": "crm.studentsubjectlevel", "pk": 52, "fields": {"student": 8, "subject": 6, "level": 2, "created_at": "2025-08-04T17:32:26.142Z", "updated_at": "2025-08-04T17:32:26.142Z"}}, {"model": "crm.studentsubjectlevel", "pk": 53, "fields": {"student": 8, "subject": 7, "level": 2, "created_at": "2025-08-04T17:32:26.145Z", "updated_at": "2025-08-04T17:32:26.145Z"}}, {"model": "crm.studentsubjectlevel", "pk": 54, "fields": {"student": 8, "subject": 8, "level": 4, "created_at": "2025-08-04T17:32:26.148Z", "updated_at": "2025-08-04T17:32:26.148Z"}}, {"model": "crm.studentsubjectlevel", "pk": 55, "fields": {"student": 8, "subject": 2, "level": 2, "created_at": "2025-08-04T17:32:26.151Z", "updated_at": "2025-08-04T17:32:26.152Z"}}, {"model": "crm.studentsubjectlevel", "pk": 56, "fields": {"student": 8, "subject": 3, "level": 3, "created_at": "2025-08-04T17:32:26.155Z", "updated_at": "2025-08-04T17:32:26.155Z"}}, {"model": "crm.studentsubjectlevel", "pk": 57, "fields": {"student": 8, "subject": 1, "level": 5, "created_at": "2025-08-04T17:32:26.158Z", "updated_at": "2025-08-04T17:32:26.158Z"}}, {"model": "crm.studentsubjectlevel", "pk": 58, "fields": {"student": 9, "subject": 4, "level": 2, "created_at": "2025-08-04T17:32:26.161Z", "updated_at": "2025-08-04T17:32:26.161Z"}}, {"model": "crm.studentsubjectlevel", "pk": 59, "fields": {"student": 9, "subject": 5, "level": 3, "created_at": "2025-08-04T17:32:26.164Z", "updated_at": "2025-08-04T17:32:26.164Z"}}, {"model": "crm.studentsubjectlevel", "pk": 60, "fields": {"student": 9, "subject": 6, "level": 2, "created_at": "2025-08-04T17:32:26.169Z", "updated_at": "2025-08-04T17:32:26.169Z"}}, {"model": "crm.studentsubjectlevel", "pk": 61, "fields": {"student": 9, "subject": 7, "level": 4, "created_at": "2025-08-04T17:32:26.173Z", "updated_at": "2025-08-04T17:32:26.173Z"}}, {"model": "crm.studentsubjectlevel", "pk": 62, "fields": {"student": 9, "subject": 8, "level": 5, "created_at": "2025-08-04T17:32:26.176Z", "updated_at": "2025-08-04T17:32:26.176Z"}}, {"model": "crm.studentsubjectlevel", "pk": 63, "fields": {"student": 9, "subject": 2, "level": 2, "created_at": "2025-08-04T17:32:26.178Z", "updated_at": "2025-08-04T17:32:26.178Z"}}, {"model": "crm.studentsubjectlevel", "pk": 64, "fields": {"student": 9, "subject": 3, "level": 1, "created_at": "2025-08-04T17:32:26.182Z", "updated_at": "2025-08-04T17:32:26.182Z"}}, {"model": "crm.studentsubjectlevel", "pk": 65, "fields": {"student": 9, "subject": 1, "level": 5, "created_at": "2025-08-04T17:32:26.185Z", "updated_at": "2025-08-04T17:32:26.185Z"}}, {"model": "crm.studentsubjectlevel", "pk": 66, "fields": {"student": 10, "subject": 4, "level": 6, "created_at": "2025-08-04T17:32:26.188Z", "updated_at": "2025-08-04T17:32:26.188Z"}}, {"model": "crm.studentsubjectlevel", "pk": 67, "fields": {"student": 10, "subject": 5, "level": 1, "created_at": "2025-08-04T17:32:26.191Z", "updated_at": "2025-08-04T17:32:26.191Z"}}, {"model": "crm.studentsubjectlevel", "pk": 68, "fields": {"student": 10, "subject": 6, "level": 3, "created_at": "2025-08-04T17:32:26.194Z", "updated_at": "2025-08-04T17:32:26.194Z"}}, {"model": "crm.studentsubjectlevel", "pk": 69, "fields": {"student": 10, "subject": 7, "level": 5, "created_at": "2025-08-04T17:32:26.200Z", "updated_at": "2025-08-04T17:32:26.200Z"}}, {"model": "crm.studentsubjectlevel", "pk": 70, "fields": {"student": 10, "subject": 8, "level": 4, "created_at": "2025-08-04T17:32:26.203Z", "updated_at": "2025-08-04T17:32:26.203Z"}}, {"model": "crm.studentsubjectlevel", "pk": 71, "fields": {"student": 10, "subject": 2, "level": 3, "created_at": "2025-08-04T17:32:26.207Z", "updated_at": "2025-08-04T17:32:26.207Z"}}, {"model": "crm.studentsubjectlevel", "pk": 72, "fields": {"student": 10, "subject": 3, "level": 4, "created_at": "2025-08-04T17:32:26.210Z", "updated_at": "2025-08-04T17:32:26.210Z"}}, {"model": "crm.studentsubjectlevel", "pk": 73, "fields": {"student": 10, "subject": 1, "level": 2, "created_at": "2025-08-04T17:32:26.213Z", "updated_at": "2025-08-04T17:32:26.213Z"}}, {"model": "crm.studentsubjectlevel", "pk": 74, "fields": {"student": 11, "subject": 4, "level": 4, "created_at": "2025-08-04T17:32:26.216Z", "updated_at": "2025-08-04T17:32:26.216Z"}}, {"model": "crm.studentsubjectlevel", "pk": 75, "fields": {"student": 11, "subject": 5, "level": 2, "created_at": "2025-08-04T17:32:26.219Z", "updated_at": "2025-08-04T17:32:26.219Z"}}, {"model": "crm.studentsubjectlevel", "pk": 76, "fields": {"student": 11, "subject": 6, "level": 1, "created_at": "2025-08-04T17:32:26.222Z", "updated_at": "2025-08-04T17:32:26.222Z"}}, {"model": "crm.studentsubjectlevel", "pk": 77, "fields": {"student": 11, "subject": 7, "level": 3, "created_at": "2025-08-04T17:32:26.225Z", "updated_at": "2025-08-04T17:32:26.225Z"}}, {"model": "crm.studentsubjectlevel", "pk": 78, "fields": {"student": 11, "subject": 8, "level": 1, "created_at": "2025-08-04T17:32:26.230Z", "updated_at": "2025-08-04T17:32:26.230Z"}}, {"model": "crm.studentsubjectlevel", "pk": 79, "fields": {"student": 11, "subject": 2, "level": 2, "created_at": "2025-08-04T17:32:26.234Z", "updated_at": "2025-08-04T17:32:26.234Z"}}, {"model": "crm.studentsubjectlevel", "pk": 80, "fields": {"student": 11, "subject": 3, "level": 1, "created_at": "2025-08-04T17:32:26.237Z", "updated_at": "2025-08-04T17:32:26.238Z"}}, {"model": "crm.studentsubjectlevel", "pk": 81, "fields": {"student": 11, "subject": 1, "level": 5, "created_at": "2025-08-04T17:32:26.241Z", "updated_at": "2025-08-04T17:32:26.241Z"}}, {"model": "crm.studentsubjectlevel", "pk": 82, "fields": {"student": 12, "subject": 4, "level": 5, "created_at": "2025-08-04T17:32:26.243Z", "updated_at": "2025-08-04T17:32:26.243Z"}}, {"model": "crm.studentsubjectlevel", "pk": 83, "fields": {"student": 12, "subject": 5, "level": 2, "created_at": "2025-08-04T17:32:26.247Z", "updated_at": "2025-08-04T17:32:26.247Z"}}, {"model": "crm.studentsubjectlevel", "pk": 84, "fields": {"student": 12, "subject": 6, "level": 5, "created_at": "2025-08-04T17:32:26.250Z", "updated_at": "2025-08-04T17:32:26.250Z"}}, {"model": "crm.studentsubjectlevel", "pk": 85, "fields": {"student": 12, "subject": 7, "level": 1, "created_at": "2025-08-04T17:32:26.253Z", "updated_at": "2025-08-04T17:32:26.253Z"}}, {"model": "crm.studentsubjectlevel", "pk": 86, "fields": {"student": 12, "subject": 8, "level": 4, "created_at": "2025-08-04T17:32:26.256Z", "updated_at": "2025-08-04T17:32:26.256Z"}}, {"model": "crm.studentsubjectlevel", "pk": 87, "fields": {"student": 12, "subject": 2, "level": 4, "created_at": "2025-08-04T17:32:26.259Z", "updated_at": "2025-08-04T17:32:26.259Z"}}, {"model": "crm.studentsubjectlevel", "pk": 88, "fields": {"student": 12, "subject": 3, "level": 5, "created_at": "2025-08-04T17:32:26.264Z", "updated_at": "2025-08-04T17:32:26.264Z"}}, {"model": "crm.studentsubjectlevel", "pk": 89, "fields": {"student": 12, "subject": 1, "level": 6, "created_at": "2025-08-04T17:32:26.267Z", "updated_at": "2025-08-04T17:32:26.267Z"}}, {"model": "crm.studentsubjectlevel", "pk": 90, "fields": {"student": 13, "subject": 4, "level": 6, "created_at": "2025-08-04T17:32:26.271Z", "updated_at": "2025-08-04T17:32:26.271Z"}}, {"model": "crm.studentsubjectlevel", "pk": 91, "fields": {"student": 13, "subject": 5, "level": 5, "created_at": "2025-08-04T17:32:26.274Z", "updated_at": "2025-08-04T17:32:26.274Z"}}, {"model": "crm.studentsubjectlevel", "pk": 92, "fields": {"student": 13, "subject": 6, "level": 4, "created_at": "2025-08-04T17:32:26.277Z", "updated_at": "2025-08-04T17:32:26.277Z"}}, {"model": "crm.studentsubjectlevel", "pk": 93, "fields": {"student": 13, "subject": 7, "level": 6, "created_at": "2025-08-04T17:32:26.280Z", "updated_at": "2025-08-04T17:32:26.280Z"}}, {"model": "crm.studentsubjectlevel", "pk": 94, "fields": {"student": 13, "subject": 8, "level": 2, "created_at": "2025-08-04T17:32:26.284Z", "updated_at": "2025-08-04T17:32:26.284Z"}}, {"model": "crm.studentsubjectlevel", "pk": 95, "fields": {"student": 13, "subject": 2, "level": 1, "created_at": "2025-08-04T17:32:26.288Z", "updated_at": "2025-08-04T17:32:26.288Z"}}, {"model": "crm.studentsubjectlevel", "pk": 96, "fields": {"student": 13, "subject": 3, "level": 5, "created_at": "2025-08-04T17:32:26.290Z", "updated_at": "2025-08-04T17:32:26.290Z"}}, {"model": "crm.studentsubjectlevel", "pk": 97, "fields": {"student": 13, "subject": 1, "level": 1, "created_at": "2025-08-04T17:32:26.296Z", "updated_at": "2025-08-04T17:32:26.296Z"}}, {"model": "crm.studentsubjectlevel", "pk": 98, "fields": {"student": 14, "subject": 4, "level": 6, "created_at": "2025-08-04T17:32:26.299Z", "updated_at": "2025-08-04T17:32:26.299Z"}}, {"model": "crm.studentsubjectlevel", "pk": 99, "fields": {"student": 14, "subject": 5, "level": 6, "created_at": "2025-08-04T17:32:26.303Z", "updated_at": "2025-08-04T17:32:26.303Z"}}, {"model": "crm.studentsubjectlevel", "pk": 100, "fields": {"student": 14, "subject": 6, "level": 2, "created_at": "2025-08-04T17:32:26.306Z", "updated_at": "2025-08-04T17:32:26.306Z"}}, {"model": "crm.studentsubjectlevel", "pk": 101, "fields": {"student": 14, "subject": 7, "level": 6, "created_at": "2025-08-04T17:32:26.309Z", "updated_at": "2025-08-04T17:32:26.309Z"}}, {"model": "crm.studentsubjectlevel", "pk": 102, "fields": {"student": 14, "subject": 8, "level": 4, "created_at": "2025-08-04T17:32:26.312Z", "updated_at": "2025-08-04T17:32:26.312Z"}}, {"model": "crm.studentsubjectlevel", "pk": 103, "fields": {"student": 14, "subject": 2, "level": 6, "created_at": "2025-08-04T17:32:26.315Z", "updated_at": "2025-08-04T17:32:26.315Z"}}, {"model": "crm.studentsubjectlevel", "pk": 104, "fields": {"student": 14, "subject": 3, "level": 5, "created_at": "2025-08-04T17:32:26.319Z", "updated_at": "2025-08-04T17:32:26.319Z"}}, {"model": "crm.studentsubjectlevel", "pk": 105, "fields": {"student": 14, "subject": 1, "level": 5, "created_at": "2025-08-04T17:32:26.322Z", "updated_at": "2025-08-04T17:32:26.322Z"}}, {"model": "crm.studentsubjectlevel", "pk": 106, "fields": {"student": 15, "subject": 4, "level": 4, "created_at": "2025-08-04T17:32:26.326Z", "updated_at": "2025-08-04T17:32:26.326Z"}}, {"model": "crm.studentsubjectlevel", "pk": 107, "fields": {"student": 15, "subject": 5, "level": 5, "created_at": "2025-08-04T17:32:26.330Z", "updated_at": "2025-08-04T17:32:26.330Z"}}, {"model": "crm.studentsubjectlevel", "pk": 108, "fields": {"student": 15, "subject": 6, "level": 1, "created_at": "2025-08-04T17:32:26.334Z", "updated_at": "2025-08-04T17:32:26.334Z"}}, {"model": "crm.studentsubjectlevel", "pk": 109, "fields": {"student": 15, "subject": 7, "level": 1, "created_at": "2025-08-04T17:32:26.337Z", "updated_at": "2025-08-04T17:32:26.337Z"}}, {"model": "crm.studentsubjectlevel", "pk": 110, "fields": {"student": 15, "subject": 8, "level": 3, "created_at": "2025-08-04T17:32:26.340Z", "updated_at": "2025-08-04T17:32:26.340Z"}}, {"model": "crm.studentsubjectlevel", "pk": 111, "fields": {"student": 15, "subject": 2, "level": 2, "created_at": "2025-08-04T17:32:26.343Z", "updated_at": "2025-08-04T17:32:26.343Z"}}, {"model": "crm.studentsubjectlevel", "pk": 112, "fields": {"student": 15, "subject": 3, "level": 1, "created_at": "2025-08-04T17:32:26.346Z", "updated_at": "2025-08-04T17:32:26.346Z"}}, {"model": "crm.studentsubjectlevel", "pk": 113, "fields": {"student": 15, "subject": 1, "level": 1, "created_at": "2025-08-04T17:32:26.350Z", "updated_at": "2025-08-04T17:32:26.350Z"}}, {"model": "crm.studentsubjectlevel", "pk": 114, "fields": {"student": 16, "subject": 4, "level": 1, "created_at": "2025-08-04T17:32:26.353Z", "updated_at": "2025-08-04T17:32:26.353Z"}}, {"model": "crm.studentsubjectlevel", "pk": 115, "fields": {"student": 16, "subject": 5, "level": 4, "created_at": "2025-08-04T17:32:26.356Z", "updated_at": "2025-08-04T17:32:26.356Z"}}, {"model": "crm.studentsubjectlevel", "pk": 116, "fields": {"student": 16, "subject": 6, "level": 2, "created_at": "2025-08-04T17:32:26.361Z", "updated_at": "2025-08-04T17:32:26.361Z"}}, {"model": "crm.studentsubjectlevel", "pk": 117, "fields": {"student": 16, "subject": 7, "level": 3, "created_at": "2025-08-04T17:32:26.364Z", "updated_at": "2025-08-04T17:32:26.364Z"}}, {"model": "crm.studentsubjectlevel", "pk": 118, "fields": {"student": 16, "subject": 8, "level": 1, "created_at": "2025-08-04T17:32:26.368Z", "updated_at": "2025-08-04T17:32:26.368Z"}}, {"model": "crm.studentsubjectlevel", "pk": 119, "fields": {"student": 16, "subject": 2, "level": 3, "created_at": "2025-08-04T17:32:26.371Z", "updated_at": "2025-08-04T17:32:26.371Z"}}, {"model": "crm.studentsubjectlevel", "pk": 120, "fields": {"student": 16, "subject": 3, "level": 2, "created_at": "2025-08-04T17:32:26.374Z", "updated_at": "2025-08-04T17:32:26.374Z"}}, {"model": "crm.studentsubjectlevel", "pk": 121, "fields": {"student": 16, "subject": 1, "level": 5, "created_at": "2025-08-04T17:32:26.377Z", "updated_at": "2025-08-04T17:32:26.377Z"}}, {"model": "crm.studentsubjectlevel", "pk": 122, "fields": {"student": 17, "subject": 4, "level": 3, "created_at": "2025-08-04T17:32:26.379Z", "updated_at": "2025-08-04T17:32:26.379Z"}}, {"model": "crm.studentsubjectlevel", "pk": 123, "fields": {"student": 17, "subject": 5, "level": 4, "created_at": "2025-08-04T17:32:26.383Z", "updated_at": "2025-08-04T17:32:26.383Z"}}, {"model": "crm.studentsubjectlevel", "pk": 124, "fields": {"student": 17, "subject": 6, "level": 2, "created_at": "2025-08-04T17:32:26.386Z", "updated_at": "2025-08-04T17:32:26.386Z"}}, {"model": "crm.studentsubjectlevel", "pk": 125, "fields": {"student": 17, "subject": 7, "level": 3, "created_at": "2025-08-04T17:32:26.392Z", "updated_at": "2025-08-04T17:32:26.392Z"}}, {"model": "crm.studentsubjectlevel", "pk": 126, "fields": {"student": 17, "subject": 8, "level": 5, "created_at": "2025-08-04T17:32:26.395Z", "updated_at": "2025-08-04T17:32:26.395Z"}}, {"model": "crm.studentsubjectlevel", "pk": 127, "fields": {"student": 17, "subject": 2, "level": 1, "created_at": "2025-08-04T17:32:26.399Z", "updated_at": "2025-08-04T17:32:26.399Z"}}, {"model": "crm.studentsubjectlevel", "pk": 128, "fields": {"student": 17, "subject": 3, "level": 6, "created_at": "2025-08-04T17:32:26.403Z", "updated_at": "2025-08-04T17:32:26.403Z"}}, {"model": "crm.studentsubjectlevel", "pk": 129, "fields": {"student": 17, "subject": 1, "level": 4, "created_at": "2025-08-04T17:32:26.405Z", "updated_at": "2025-08-04T17:32:26.405Z"}}, {"model": "crm.studentsubjectlevel", "pk": 130, "fields": {"student": 18, "subject": 4, "level": 6, "created_at": "2025-08-04T17:32:26.408Z", "updated_at": "2025-08-04T17:32:26.408Z"}}, {"model": "crm.studentsubjectlevel", "pk": 131, "fields": {"student": 18, "subject": 5, "level": 6, "created_at": "2025-08-04T17:32:26.411Z", "updated_at": "2025-08-04T17:32:26.411Z"}}, {"model": "crm.studentsubjectlevel", "pk": 132, "fields": {"student": 18, "subject": 6, "level": 1, "created_at": "2025-08-04T17:32:26.414Z", "updated_at": "2025-08-04T17:32:26.414Z"}}, {"model": "crm.studentsubjectlevel", "pk": 133, "fields": {"student": 18, "subject": 7, "level": 1, "created_at": "2025-08-04T17:32:26.417Z", "updated_at": "2025-08-04T17:32:26.417Z"}}, {"model": "crm.studentsubjectlevel", "pk": 134, "fields": {"student": 18, "subject": 8, "level": 6, "created_at": "2025-08-04T17:32:26.422Z", "updated_at": "2025-08-04T17:32:26.422Z"}}, {"model": "crm.studentsubjectlevel", "pk": 135, "fields": {"student": 18, "subject": 2, "level": 3, "created_at": "2025-08-04T17:32:26.426Z", "updated_at": "2025-08-04T17:32:26.426Z"}}, {"model": "crm.studentsubjectlevel", "pk": 136, "fields": {"student": 18, "subject": 3, "level": 3, "created_at": "2025-08-04T17:32:26.428Z", "updated_at": "2025-08-04T17:32:26.429Z"}}, {"model": "crm.studentsubjectlevel", "pk": 137, "fields": {"student": 18, "subject": 1, "level": 3, "created_at": "2025-08-04T17:32:26.432Z", "updated_at": "2025-08-04T17:32:26.432Z"}}, {"model": "crm.studentsubjectlevel", "pk": 138, "fields": {"student": 19, "subject": 4, "level": 2, "created_at": "2025-08-04T17:32:26.435Z", "updated_at": "2025-08-04T17:32:26.435Z"}}, {"model": "crm.studentsubjectlevel", "pk": 139, "fields": {"student": 19, "subject": 5, "level": 5, "created_at": "2025-08-04T17:32:26.438Z", "updated_at": "2025-08-04T17:32:26.438Z"}}, {"model": "crm.studentsubjectlevel", "pk": 140, "fields": {"student": 19, "subject": 6, "level": 6, "created_at": "2025-08-04T17:32:26.441Z", "updated_at": "2025-08-04T17:32:26.441Z"}}, {"model": "crm.studentsubjectlevel", "pk": 141, "fields": {"student": 19, "subject": 7, "level": 5, "created_at": "2025-08-04T17:32:26.444Z", "updated_at": "2025-08-04T17:32:26.444Z"}}, {"model": "crm.studentsubjectlevel", "pk": 142, "fields": {"student": 19, "subject": 8, "level": 1, "created_at": "2025-08-04T17:32:26.447Z", "updated_at": "2025-08-04T17:32:26.447Z"}}, {"model": "crm.studentsubjectlevel", "pk": 143, "fields": {"student": 19, "subject": 2, "level": 4, "created_at": "2025-08-04T17:32:26.454Z", "updated_at": "2025-08-04T17:32:26.454Z"}}, {"model": "crm.studentsubjectlevel", "pk": 144, "fields": {"student": 19, "subject": 3, "level": 4, "created_at": "2025-08-04T17:32:26.458Z", "updated_at": "2025-08-04T17:32:26.458Z"}}, {"model": "crm.studentsubjectlevel", "pk": 145, "fields": {"student": 19, "subject": 1, "level": 2, "created_at": "2025-08-04T17:32:26.461Z", "updated_at": "2025-08-04T17:32:26.461Z"}}, {"model": "crm.studentsubjectlevel", "pk": 146, "fields": {"student": 20, "subject": 4, "level": 6, "created_at": "2025-08-04T17:32:26.464Z", "updated_at": "2025-08-04T17:32:26.464Z"}}, {"model": "crm.studentsubjectlevel", "pk": 147, "fields": {"student": 20, "subject": 5, "level": 1, "created_at": "2025-08-04T17:32:26.468Z", "updated_at": "2025-08-04T17:32:26.468Z"}}, {"model": "crm.studentsubjectlevel", "pk": 148, "fields": {"student": 20, "subject": 6, "level": 6, "created_at": "2025-08-04T17:32:26.471Z", "updated_at": "2025-08-04T17:32:26.471Z"}}, {"model": "crm.studentsubjectlevel", "pk": 149, "fields": {"student": 20, "subject": 7, "level": 4, "created_at": "2025-08-04T17:32:26.474Z", "updated_at": "2025-08-04T17:32:26.474Z"}}, {"model": "crm.studentsubjectlevel", "pk": 150, "fields": {"student": 20, "subject": 8, "level": 4, "created_at": "2025-08-04T17:32:26.477Z", "updated_at": "2025-08-04T17:32:26.477Z"}}, {"model": "crm.studentsubjectlevel", "pk": 151, "fields": {"student": 20, "subject": 2, "level": 6, "created_at": "2025-08-04T17:32:26.480Z", "updated_at": "2025-08-04T17:32:26.480Z"}}, {"model": "crm.studentsubjectlevel", "pk": 152, "fields": {"student": 20, "subject": 3, "level": 6, "created_at": "2025-08-04T17:32:26.484Z", "updated_at": "2025-08-04T17:32:26.484Z"}}, {"model": "crm.studentsubjectlevel", "pk": 153, "fields": {"student": 20, "subject": 1, "level": 4, "created_at": "2025-08-04T17:32:26.489Z", "updated_at": "2025-08-04T17:32:26.489Z"}}, {"model": "crm.studentsubjectlevel", "pk": 154, "fields": {"student": 21, "subject": 4, "level": 1, "created_at": "2025-08-04T17:32:26.493Z", "updated_at": "2025-08-04T17:32:26.493Z"}}, {"model": "crm.studentsubjectlevel", "pk": 155, "fields": {"student": 21, "subject": 5, "level": 6, "created_at": "2025-08-04T17:32:26.495Z", "updated_at": "2025-08-04T17:32:26.495Z"}}, {"model": "crm.studentsubjectlevel", "pk": 156, "fields": {"student": 21, "subject": 6, "level": 5, "created_at": "2025-08-04T17:32:26.499Z", "updated_at": "2025-08-04T17:32:26.499Z"}}, {"model": "crm.studentsubjectlevel", "pk": 157, "fields": {"student": 21, "subject": 7, "level": 1, "created_at": "2025-08-04T17:32:26.502Z", "updated_at": "2025-08-04T17:32:26.502Z"}}, {"model": "crm.studentsubjectlevel", "pk": 158, "fields": {"student": 21, "subject": 8, "level": 2, "created_at": "2025-08-04T17:32:26.505Z", "updated_at": "2025-08-04T17:32:26.505Z"}}, {"model": "crm.studentsubjectlevel", "pk": 159, "fields": {"student": 21, "subject": 2, "level": 6, "created_at": "2025-08-04T17:32:26.508Z", "updated_at": "2025-08-04T17:32:26.508Z"}}, {"model": "crm.studentsubjectlevel", "pk": 160, "fields": {"student": 21, "subject": 3, "level": 1, "created_at": "2025-08-04T17:32:26.511Z", "updated_at": "2025-08-04T17:32:26.511Z"}}, {"model": "crm.studentsubjectlevel", "pk": 161, "fields": {"student": 21, "subject": 1, "level": 4, "created_at": "2025-08-04T17:32:26.514Z", "updated_at": "2025-08-04T17:32:26.514Z"}}, {"model": "crm.studentsubjectlevel", "pk": 162, "fields": {"student": 22, "subject": 4, "level": 5, "created_at": "2025-08-04T17:32:26.519Z", "updated_at": "2025-08-04T17:32:26.519Z"}}, {"model": "crm.studentsubjectlevel", "pk": 163, "fields": {"student": 22, "subject": 5, "level": 3, "created_at": "2025-08-04T17:32:26.523Z", "updated_at": "2025-08-04T17:32:26.523Z"}}, {"model": "crm.studentsubjectlevel", "pk": 164, "fields": {"student": 22, "subject": 6, "level": 3, "created_at": "2025-08-04T17:32:26.527Z", "updated_at": "2025-08-04T17:32:26.527Z"}}, {"model": "crm.studentsubjectlevel", "pk": 165, "fields": {"student": 22, "subject": 7, "level": 5, "created_at": "2025-08-04T17:32:26.531Z", "updated_at": "2025-08-04T17:32:26.531Z"}}, {"model": "crm.studentsubjectlevel", "pk": 166, "fields": {"student": 22, "subject": 8, "level": 5, "created_at": "2025-08-04T17:32:26.534Z", "updated_at": "2025-08-04T17:32:26.534Z"}}, {"model": "crm.studentsubjectlevel", "pk": 167, "fields": {"student": 22, "subject": 2, "level": 3, "created_at": "2025-08-04T17:32:26.537Z", "updated_at": "2025-08-04T17:32:26.537Z"}}, {"model": "crm.studentsubjectlevel", "pk": 168, "fields": {"student": 22, "subject": 3, "level": 3, "created_at": "2025-08-04T17:32:26.541Z", "updated_at": "2025-08-04T17:32:26.541Z"}}, {"model": "crm.studentsubjectlevel", "pk": 169, "fields": {"student": 22, "subject": 1, "level": 1, "created_at": "2025-08-04T17:32:26.544Z", "updated_at": "2025-08-04T17:32:26.544Z"}}, {"model": "crm.studentsubjectlevel", "pk": 170, "fields": {"student": 23, "subject": 4, "level": 2, "created_at": "2025-08-04T17:32:26.547Z", "updated_at": "2025-08-04T17:32:26.547Z"}}, {"model": "crm.studentsubjectlevel", "pk": 171, "fields": {"student": 23, "subject": 5, "level": 4, "created_at": "2025-08-04T17:32:26.551Z", "updated_at": "2025-08-04T17:32:26.551Z"}}, {"model": "crm.studentsubjectlevel", "pk": 172, "fields": {"student": 23, "subject": 6, "level": 1, "created_at": "2025-08-04T17:32:26.555Z", "updated_at": "2025-08-04T17:32:26.555Z"}}, {"model": "crm.studentsubjectlevel", "pk": 173, "fields": {"student": 23, "subject": 7, "level": 6, "created_at": "2025-08-04T17:32:26.558Z", "updated_at": "2025-08-04T17:32:26.558Z"}}, {"model": "crm.studentsubjectlevel", "pk": 174, "fields": {"student": 23, "subject": 8, "level": 1, "created_at": "2025-08-04T17:32:26.561Z", "updated_at": "2025-08-04T17:32:26.561Z"}}, {"model": "crm.studentsubjectlevel", "pk": 175, "fields": {"student": 23, "subject": 2, "level": 3, "created_at": "2025-08-04T17:32:26.565Z", "updated_at": "2025-08-04T17:32:26.565Z"}}, {"model": "crm.studentsubjectlevel", "pk": 176, "fields": {"student": 23, "subject": 3, "level": 2, "created_at": "2025-08-04T17:32:26.568Z", "updated_at": "2025-08-04T17:32:26.568Z"}}, {"model": "crm.studentsubjectlevel", "pk": 177, "fields": {"student": 23, "subject": 1, "level": 2, "created_at": "2025-08-04T17:32:26.571Z", "updated_at": "2025-08-04T17:32:26.571Z"}}, {"model": "crm.studentsubjectlevel", "pk": 178, "fields": {"student": 24, "subject": 4, "level": 3, "created_at": "2025-08-04T17:32:26.574Z", "updated_at": "2025-08-04T17:32:26.574Z"}}, {"model": "crm.studentsubjectlevel", "pk": 179, "fields": {"student": 24, "subject": 5, "level": 5, "created_at": "2025-08-04T17:32:26.578Z", "updated_at": "2025-08-04T17:32:26.578Z"}}, {"model": "crm.studentsubjectlevel", "pk": 180, "fields": {"student": 24, "subject": 6, "level": 1, "created_at": "2025-08-04T17:32:26.581Z", "updated_at": "2025-08-04T17:32:26.581Z"}}, {"model": "crm.studentsubjectlevel", "pk": 181, "fields": {"student": 24, "subject": 7, "level": 6, "created_at": "2025-08-04T17:32:26.586Z", "updated_at": "2025-08-04T17:32:26.586Z"}}, {"model": "crm.studentsubjectlevel", "pk": 182, "fields": {"student": 24, "subject": 8, "level": 6, "created_at": "2025-08-04T17:32:26.591Z", "updated_at": "2025-08-04T17:32:26.591Z"}}, {"model": "crm.studentsubjectlevel", "pk": 183, "fields": {"student": 24, "subject": 2, "level": 5, "created_at": "2025-08-04T17:32:26.594Z", "updated_at": "2025-08-04T17:32:26.594Z"}}, {"model": "crm.studentsubjectlevel", "pk": 184, "fields": {"student": 24, "subject": 3, "level": 2, "created_at": "2025-08-04T17:32:26.597Z", "updated_at": "2025-08-04T17:32:26.597Z"}}, {"model": "crm.studentsubjectlevel", "pk": 185, "fields": {"student": 24, "subject": 1, "level": 5, "created_at": "2025-08-04T17:32:26.600Z", "updated_at": "2025-08-04T17:32:26.600Z"}}, {"model": "crm.studentsubjectlevel", "pk": 186, "fields": {"student": 25, "subject": 4, "level": 6, "created_at": "2025-08-04T17:32:26.603Z", "updated_at": "2025-08-04T17:32:26.603Z"}}, {"model": "crm.studentsubjectlevel", "pk": 187, "fields": {"student": 25, "subject": 5, "level": 1, "created_at": "2025-08-04T17:32:26.606Z", "updated_at": "2025-08-04T17:32:26.606Z"}}, {"model": "crm.studentsubjectlevel", "pk": 188, "fields": {"student": 25, "subject": 6, "level": 3, "created_at": "2025-08-04T17:32:26.609Z", "updated_at": "2025-08-04T17:32:26.609Z"}}, {"model": "crm.studentsubjectlevel", "pk": 189, "fields": {"student": 25, "subject": 7, "level": 3, "created_at": "2025-08-04T17:32:26.613Z", "updated_at": "2025-08-04T17:32:26.613Z"}}, {"model": "crm.studentsubjectlevel", "pk": 190, "fields": {"student": 25, "subject": 8, "level": 1, "created_at": "2025-08-04T17:32:26.618Z", "updated_at": "2025-08-04T17:32:26.618Z"}}, {"model": "crm.studentsubjectlevel", "pk": 191, "fields": {"student": 25, "subject": 2, "level": 1, "created_at": "2025-08-04T17:32:26.621Z", "updated_at": "2025-08-04T17:32:26.621Z"}}, {"model": "crm.studentsubjectlevel", "pk": 192, "fields": {"student": 25, "subject": 3, "level": 5, "created_at": "2025-08-04T17:32:26.624Z", "updated_at": "2025-08-04T17:32:26.624Z"}}, {"model": "crm.studentsubjectlevel", "pk": 193, "fields": {"student": 25, "subject": 1, "level": 6, "created_at": "2025-08-04T17:32:26.627Z", "updated_at": "2025-08-04T17:32:26.627Z"}}, {"model": "crm.studentsubjectlevel", "pk": 194, "fields": {"student": 26, "subject": 4, "level": 3, "created_at": "2025-08-04T17:32:26.631Z", "updated_at": "2025-08-04T17:32:26.631Z"}}, {"model": "crm.studentsubjectlevel", "pk": 195, "fields": {"student": 26, "subject": 5, "level": 6, "created_at": "2025-08-04T17:32:26.634Z", "updated_at": "2025-08-04T17:32:26.634Z"}}, {"model": "crm.studentsubjectlevel", "pk": 196, "fields": {"student": 26, "subject": 6, "level": 5, "created_at": "2025-08-04T17:32:26.638Z", "updated_at": "2025-08-04T17:32:26.638Z"}}, {"model": "crm.studentsubjectlevel", "pk": 197, "fields": {"student": 26, "subject": 7, "level": 3, "created_at": "2025-08-04T17:32:26.641Z", "updated_at": "2025-08-04T17:32:26.641Z"}}, {"model": "crm.studentsubjectlevel", "pk": 198, "fields": {"student": 26, "subject": 8, "level": 4, "created_at": "2025-08-04T17:32:26.644Z", "updated_at": "2025-08-04T17:32:26.644Z"}}, {"model": "crm.studentsubjectlevel", "pk": 199, "fields": {"student": 26, "subject": 2, "level": 5, "created_at": "2025-08-04T17:32:26.703Z", "updated_at": "2025-08-04T17:32:26.703Z"}}, {"model": "crm.studentsubjectlevel", "pk": 200, "fields": {"student": 26, "subject": 3, "level": 3, "created_at": "2025-08-04T17:32:26.707Z", "updated_at": "2025-08-04T17:32:26.707Z"}}, {"model": "crm.studentsubjectlevel", "pk": 201, "fields": {"student": 26, "subject": 1, "level": 5, "created_at": "2025-08-04T17:32:26.710Z", "updated_at": "2025-08-04T17:32:26.710Z"}}, {"model": "crm.studentsubjectlevel", "pk": 202, "fields": {"student": 27, "subject": 4, "level": 4, "created_at": "2025-08-04T17:32:26.713Z", "updated_at": "2025-08-04T17:32:26.713Z"}}, {"model": "crm.studentsubjectlevel", "pk": 203, "fields": {"student": 27, "subject": 5, "level": 2, "created_at": "2025-08-04T17:32:26.716Z", "updated_at": "2025-08-04T17:32:26.716Z"}}, {"model": "crm.studentsubjectlevel", "pk": 204, "fields": {"student": 27, "subject": 6, "level": 3, "created_at": "2025-08-04T17:32:26.719Z", "updated_at": "2025-08-04T17:32:26.719Z"}}, {"model": "crm.studentsubjectlevel", "pk": 205, "fields": {"student": 27, "subject": 7, "level": 5, "created_at": "2025-08-04T17:32:26.723Z", "updated_at": "2025-08-04T17:32:26.723Z"}}, {"model": "crm.studentsubjectlevel", "pk": 206, "fields": {"student": 27, "subject": 8, "level": 3, "created_at": "2025-08-04T17:32:26.726Z", "updated_at": "2025-08-04T17:32:26.726Z"}}, {"model": "crm.studentsubjectlevel", "pk": 207, "fields": {"student": 27, "subject": 2, "level": 5, "created_at": "2025-08-04T17:32:26.729Z", "updated_at": "2025-08-04T17:32:26.729Z"}}, {"model": "crm.studentsubjectlevel", "pk": 208, "fields": {"student": 27, "subject": 3, "level": 5, "created_at": "2025-08-04T17:32:26.734Z", "updated_at": "2025-08-04T17:32:26.734Z"}}, {"model": "crm.studentsubjectlevel", "pk": 209, "fields": {"student": 27, "subject": 1, "level": 5, "created_at": "2025-08-04T17:32:26.738Z", "updated_at": "2025-08-04T17:32:26.738Z"}}, {"model": "crm.studentsubjectlevel", "pk": 210, "fields": {"student": 28, "subject": 4, "level": 2, "created_at": "2025-08-04T17:32:26.742Z", "updated_at": "2025-08-04T17:32:26.742Z"}}, {"model": "crm.studentsubjectlevel", "pk": 211, "fields": {"student": 28, "subject": 5, "level": 5, "created_at": "2025-08-04T17:32:26.745Z", "updated_at": "2025-08-04T17:32:26.745Z"}}, {"model": "crm.studentsubjectlevel", "pk": 212, "fields": {"student": 28, "subject": 6, "level": 3, "created_at": "2025-08-04T17:32:26.749Z", "updated_at": "2025-08-04T17:32:26.749Z"}}, {"model": "crm.studentsubjectlevel", "pk": 213, "fields": {"student": 28, "subject": 7, "level": 4, "created_at": "2025-08-04T17:32:26.752Z", "updated_at": "2025-08-04T17:32:26.752Z"}}, {"model": "crm.studentsubjectlevel", "pk": 214, "fields": {"student": 28, "subject": 8, "level": 5, "created_at": "2025-08-04T17:32:26.755Z", "updated_at": "2025-08-04T17:32:26.755Z"}}, {"model": "crm.studentsubjectlevel", "pk": 215, "fields": {"student": 28, "subject": 2, "level": 3, "created_at": "2025-08-04T17:32:26.758Z", "updated_at": "2025-08-04T17:32:26.758Z"}}, {"model": "crm.studentsubjectlevel", "pk": 216, "fields": {"student": 28, "subject": 3, "level": 3, "created_at": "2025-08-04T17:32:26.761Z", "updated_at": "2025-08-04T17:32:26.761Z"}}, {"model": "crm.studentsubjectlevel", "pk": 217, "fields": {"student": 28, "subject": 1, "level": 1, "created_at": "2025-08-04T17:32:26.765Z", "updated_at": "2025-08-04T17:32:26.765Z"}}, {"model": "crm.studentsubjectlevel", "pk": 218, "fields": {"student": 29, "subject": 4, "level": 1, "created_at": "2025-08-04T17:32:26.770Z", "updated_at": "2025-08-04T17:32:26.770Z"}}, {"model": "crm.studentsubjectlevel", "pk": 219, "fields": {"student": 29, "subject": 5, "level": 3, "created_at": "2025-08-04T17:32:26.774Z", "updated_at": "2025-08-04T17:32:26.774Z"}}, {"model": "crm.studentsubjectlevel", "pk": 220, "fields": {"student": 29, "subject": 6, "level": 6, "created_at": "2025-08-04T17:32:26.777Z", "updated_at": "2025-08-04T17:32:26.777Z"}}, {"model": "crm.studentsubjectlevel", "pk": 221, "fields": {"student": 29, "subject": 7, "level": 5, "created_at": "2025-08-04T17:32:26.780Z", "updated_at": "2025-08-04T17:32:26.780Z"}}, {"model": "crm.studentsubjectlevel", "pk": 222, "fields": {"student": 29, "subject": 8, "level": 2, "created_at": "2025-08-04T17:32:26.783Z", "updated_at": "2025-08-04T17:32:26.783Z"}}, {"model": "crm.studentsubjectlevel", "pk": 223, "fields": {"student": 29, "subject": 2, "level": 1, "created_at": "2025-08-04T17:32:26.786Z", "updated_at": "2025-08-04T17:32:26.786Z"}}, {"model": "crm.studentsubjectlevel", "pk": 224, "fields": {"student": 29, "subject": 3, "level": 6, "created_at": "2025-08-04T17:32:26.790Z", "updated_at": "2025-08-04T17:32:26.790Z"}}, {"model": "crm.studentsubjectlevel", "pk": 225, "fields": {"student": 29, "subject": 1, "level": 1, "created_at": "2025-08-04T17:32:26.793Z", "updated_at": "2025-08-04T17:32:26.793Z"}}, {"model": "crm.studentsubjectlevel", "pk": 226, "fields": {"student": 30, "subject": 4, "level": 4, "created_at": "2025-08-04T17:32:26.796Z", "updated_at": "2025-08-04T17:32:26.796Z"}}, {"model": "crm.studentsubjectlevel", "pk": 227, "fields": {"student": 30, "subject": 5, "level": 3, "created_at": "2025-08-04T17:32:26.801Z", "updated_at": "2025-08-04T17:32:26.801Z"}}, {"model": "crm.studentsubjectlevel", "pk": 228, "fields": {"student": 30, "subject": 6, "level": 2, "created_at": "2025-08-04T17:32:26.805Z", "updated_at": "2025-08-04T17:32:26.805Z"}}, {"model": "crm.studentsubjectlevel", "pk": 229, "fields": {"student": 30, "subject": 7, "level": 6, "created_at": "2025-08-04T17:32:26.809Z", "updated_at": "2025-08-04T17:32:26.809Z"}}, {"model": "crm.studentsubjectlevel", "pk": 230, "fields": {"student": 30, "subject": 8, "level": 1, "created_at": "2025-08-04T17:32:26.811Z", "updated_at": "2025-08-04T17:32:26.811Z"}}, {"model": "crm.studentsubjectlevel", "pk": 231, "fields": {"student": 30, "subject": 2, "level": 5, "created_at": "2025-08-04T17:32:26.815Z", "updated_at": "2025-08-04T17:32:26.815Z"}}, {"model": "crm.studentsubjectlevel", "pk": 232, "fields": {"student": 30, "subject": 3, "level": 6, "created_at": "2025-08-04T17:32:26.818Z", "updated_at": "2025-08-04T17:32:26.818Z"}}, {"model": "crm.studentsubjectlevel", "pk": 233, "fields": {"student": 30, "subject": 1, "level": 3, "created_at": "2025-08-04T17:32:26.822Z", "updated_at": "2025-08-04T17:32:26.822Z"}}, {"model": "crm.studentsubjectlevel", "pk": 234, "fields": {"student": 31, "subject": 4, "level": 2, "created_at": "2025-08-04T17:32:26.824Z", "updated_at": "2025-08-04T17:32:26.824Z"}}, {"model": "crm.studentsubjectlevel", "pk": 235, "fields": {"student": 31, "subject": 5, "level": 4, "created_at": "2025-08-04T17:32:26.827Z", "updated_at": "2025-08-04T17:32:26.827Z"}}, {"model": "crm.studentsubjectlevel", "pk": 236, "fields": {"student": 31, "subject": 6, "level": 6, "created_at": "2025-08-04T17:32:26.832Z", "updated_at": "2025-08-04T17:32:26.832Z"}}, {"model": "crm.studentsubjectlevel", "pk": 237, "fields": {"student": 31, "subject": 7, "level": 5, "created_at": "2025-08-04T17:32:26.836Z", "updated_at": "2025-08-04T17:32:26.836Z"}}, {"model": "crm.studentsubjectlevel", "pk": 238, "fields": {"student": 31, "subject": 8, "level": 3, "created_at": "2025-08-04T17:32:26.839Z", "updated_at": "2025-08-04T17:32:26.839Z"}}, {"model": "crm.studentsubjectlevel", "pk": 239, "fields": {"student": 31, "subject": 2, "level": 5, "created_at": "2025-08-04T17:32:26.842Z", "updated_at": "2025-08-04T17:32:26.842Z"}}, {"model": "crm.studentsubjectlevel", "pk": 240, "fields": {"student": 31, "subject": 3, "level": 1, "created_at": "2025-08-04T17:32:26.845Z", "updated_at": "2025-08-04T17:32:26.845Z"}}, {"model": "crm.studentsubjectlevel", "pk": 241, "fields": {"student": 31, "subject": 1, "level": 4, "created_at": "2025-08-04T17:32:26.848Z", "updated_at": "2025-08-04T17:32:26.848Z"}}, {"model": "crm.studentsubjectlevel", "pk": 242, "fields": {"student": 32, "subject": 4, "level": 5, "created_at": "2025-08-04T17:32:26.851Z", "updated_at": "2025-08-04T17:32:26.851Z"}}, {"model": "crm.studentsubjectlevel", "pk": 243, "fields": {"student": 32, "subject": 5, "level": 2, "created_at": "2025-08-04T17:32:26.855Z", "updated_at": "2025-08-04T17:32:26.855Z"}}, {"model": "crm.studentsubjectlevel", "pk": 244, "fields": {"student": 32, "subject": 6, "level": 4, "created_at": "2025-08-04T17:32:26.857Z", "updated_at": "2025-08-04T17:32:26.857Z"}}, {"model": "crm.studentsubjectlevel", "pk": 245, "fields": {"student": 32, "subject": 7, "level": 2, "created_at": "2025-08-04T17:32:26.860Z", "updated_at": "2025-08-04T17:32:26.860Z"}}, {"model": "crm.studentsubjectlevel", "pk": 246, "fields": {"student": 32, "subject": 8, "level": 2, "created_at": "2025-08-04T17:32:26.865Z", "updated_at": "2025-08-04T17:32:26.865Z"}}, {"model": "crm.studentsubjectlevel", "pk": 247, "fields": {"student": 32, "subject": 2, "level": 3, "created_at": "2025-08-04T17:32:26.870Z", "updated_at": "2025-08-04T17:32:26.870Z"}}, {"model": "crm.studentsubjectlevel", "pk": 248, "fields": {"student": 32, "subject": 3, "level": 5, "created_at": "2025-08-04T17:32:26.873Z", "updated_at": "2025-08-04T17:32:26.873Z"}}, {"model": "crm.studentsubjectlevel", "pk": 249, "fields": {"student": 32, "subject": 1, "level": 1, "created_at": "2025-08-04T17:32:26.876Z", "updated_at": "2025-08-04T17:32:26.876Z"}}, {"model": "crm.studentsubjectlevel", "pk": 250, "fields": {"student": 33, "subject": 4, "level": 3, "created_at": "2025-08-04T17:32:26.880Z", "updated_at": "2025-08-04T17:32:26.880Z"}}, {"model": "crm.studentsubjectlevel", "pk": 251, "fields": {"student": 33, "subject": 5, "level": 1, "created_at": "2025-08-04T17:32:26.883Z", "updated_at": "2025-08-04T17:32:26.883Z"}}, {"model": "crm.studentsubjectlevel", "pk": 252, "fields": {"student": 33, "subject": 6, "level": 2, "created_at": "2025-08-04T17:32:26.886Z", "updated_at": "2025-08-04T17:32:26.886Z"}}, {"model": "crm.studentsubjectlevel", "pk": 253, "fields": {"student": 33, "subject": 7, "level": 6, "created_at": "2025-08-04T17:32:26.890Z", "updated_at": "2025-08-04T17:32:26.890Z"}}, {"model": "crm.studentsubjectlevel", "pk": 254, "fields": {"student": 33, "subject": 8, "level": 2, "created_at": "2025-08-04T17:32:26.892Z", "updated_at": "2025-08-04T17:32:26.892Z"}}, {"model": "crm.studentsubjectlevel", "pk": 255, "fields": {"student": 33, "subject": 2, "level": 1, "created_at": "2025-08-04T17:32:26.898Z", "updated_at": "2025-08-04T17:32:26.898Z"}}, {"model": "crm.studentsubjectlevel", "pk": 256, "fields": {"student": 33, "subject": 3, "level": 5, "created_at": "2025-08-04T17:32:26.902Z", "updated_at": "2025-08-04T17:32:26.902Z"}}, {"model": "crm.studentsubjectlevel", "pk": 257, "fields": {"student": 33, "subject": 1, "level": 1, "created_at": "2025-08-04T17:32:26.906Z", "updated_at": "2025-08-04T17:32:26.906Z"}}, {"model": "crm.studentsubjectlevel", "pk": 258, "fields": {"student": 34, "subject": 4, "level": 5, "created_at": "2025-08-04T17:32:26.908Z", "updated_at": "2025-08-04T17:32:26.908Z"}}, {"model": "crm.studentsubjectlevel", "pk": 259, "fields": {"student": 34, "subject": 5, "level": 1, "created_at": "2025-08-04T17:32:26.911Z", "updated_at": "2025-08-04T17:32:26.911Z"}}, {"model": "crm.studentsubjectlevel", "pk": 260, "fields": {"student": 34, "subject": 6, "level": 3, "created_at": "2025-08-04T17:32:26.914Z", "updated_at": "2025-08-04T17:32:26.914Z"}}, {"model": "crm.studentsubjectlevel", "pk": 261, "fields": {"student": 34, "subject": 7, "level": 1, "created_at": "2025-08-04T17:32:26.918Z", "updated_at": "2025-08-04T17:32:26.918Z"}}, {"model": "crm.studentsubjectlevel", "pk": 262, "fields": {"student": 34, "subject": 8, "level": 6, "created_at": "2025-08-04T17:32:26.921Z", "updated_at": "2025-08-04T17:32:26.921Z"}}, {"model": "crm.studentsubjectlevel", "pk": 263, "fields": {"student": 34, "subject": 2, "level": 5, "created_at": "2025-08-04T17:32:26.924Z", "updated_at": "2025-08-04T17:32:26.924Z"}}, {"model": "crm.studentsubjectlevel", "pk": 264, "fields": {"student": 34, "subject": 3, "level": 3, "created_at": "2025-08-04T17:32:26.929Z", "updated_at": "2025-08-04T17:32:26.929Z"}}, {"model": "crm.studentsubjectlevel", "pk": 265, "fields": {"student": 34, "subject": 1, "level": 4, "created_at": "2025-08-04T17:32:26.933Z", "updated_at": "2025-08-04T17:32:26.933Z"}}, {"model": "crm.studentsubjectlevel", "pk": 266, "fields": {"student": 35, "subject": 4, "level": 6, "created_at": "2025-08-04T17:32:26.936Z", "updated_at": "2025-08-04T17:32:26.936Z"}}, {"model": "crm.studentsubjectlevel", "pk": 267, "fields": {"student": 35, "subject": 5, "level": 1, "created_at": "2025-08-04T17:32:26.940Z", "updated_at": "2025-08-04T17:32:26.940Z"}}, {"model": "crm.studentsubjectlevel", "pk": 268, "fields": {"student": 35, "subject": 6, "level": 5, "created_at": "2025-08-04T17:32:26.943Z", "updated_at": "2025-08-04T17:32:26.943Z"}}, {"model": "crm.studentsubjectlevel", "pk": 269, "fields": {"student": 35, "subject": 7, "level": 4, "created_at": "2025-08-04T17:32:26.946Z", "updated_at": "2025-08-04T17:32:26.946Z"}}, {"model": "crm.studentsubjectlevel", "pk": 270, "fields": {"student": 35, "subject": 8, "level": 6, "created_at": "2025-08-04T17:32:26.950Z", "updated_at": "2025-08-04T17:32:26.950Z"}}, {"model": "crm.studentsubjectlevel", "pk": 271, "fields": {"student": 35, "subject": 2, "level": 3, "created_at": "2025-08-04T17:32:26.953Z", "updated_at": "2025-08-04T17:32:26.953Z"}}, {"model": "crm.studentsubjectlevel", "pk": 272, "fields": {"student": 35, "subject": 3, "level": 2, "created_at": "2025-08-04T17:32:26.957Z", "updated_at": "2025-08-04T17:32:26.957Z"}}, {"model": "crm.studentsubjectlevel", "pk": 273, "fields": {"student": 35, "subject": 1, "level": 2, "created_at": "2025-08-04T17:32:26.960Z", "updated_at": "2025-08-04T17:32:26.960Z"}}, {"model": "crm.studentsubjectlevel", "pk": 274, "fields": {"student": 36, "subject": 4, "level": 2, "created_at": "2025-08-04T17:32:26.965Z", "updated_at": "2025-08-04T17:32:26.965Z"}}, {"model": "crm.studentsubjectlevel", "pk": 275, "fields": {"student": 36, "subject": 5, "level": 6, "created_at": "2025-08-04T17:32:26.969Z", "updated_at": "2025-08-04T17:32:26.969Z"}}, {"model": "crm.studentsubjectlevel", "pk": 276, "fields": {"student": 36, "subject": 6, "level": 2, "created_at": "2025-08-04T17:32:26.972Z", "updated_at": "2025-08-04T17:32:26.972Z"}}, {"model": "crm.studentsubjectlevel", "pk": 277, "fields": {"student": 36, "subject": 7, "level": 2, "created_at": "2025-08-04T17:32:26.975Z", "updated_at": "2025-08-04T17:32:26.975Z"}}, {"model": "crm.studentsubjectlevel", "pk": 278, "fields": {"student": 36, "subject": 8, "level": 2, "created_at": "2025-08-04T17:32:26.978Z", "updated_at": "2025-08-04T17:32:26.978Z"}}, {"model": "crm.studentsubjectlevel", "pk": 279, "fields": {"student": 36, "subject": 2, "level": 6, "created_at": "2025-08-04T17:32:26.981Z", "updated_at": "2025-08-04T17:32:26.981Z"}}, {"model": "crm.studentsubjectlevel", "pk": 280, "fields": {"student": 36, "subject": 3, "level": 6, "created_at": "2025-08-04T17:32:26.985Z", "updated_at": "2025-08-04T17:32:26.985Z"}}, {"model": "crm.studentsubjectlevel", "pk": 281, "fields": {"student": 36, "subject": 1, "level": 5, "created_at": "2025-08-04T17:32:26.988Z", "updated_at": "2025-08-04T17:32:26.988Z"}}, {"model": "crm.studentsubjectlevel", "pk": 282, "fields": {"student": 37, "subject": 4, "level": 1, "created_at": "2025-08-04T17:32:26.991Z", "updated_at": "2025-08-04T17:32:26.991Z"}}, {"model": "crm.studentsubjectlevel", "pk": 283, "fields": {"student": 37, "subject": 5, "level": 3, "created_at": "2025-08-04T17:32:26.997Z", "updated_at": "2025-08-04T17:32:26.997Z"}}, {"model": "crm.studentsubjectlevel", "pk": 284, "fields": {"student": 37, "subject": 6, "level": 3, "created_at": "2025-08-04T17:32:27.000Z", "updated_at": "2025-08-04T17:32:27.000Z"}}, {"model": "crm.studentsubjectlevel", "pk": 285, "fields": {"student": 37, "subject": 7, "level": 4, "created_at": "2025-08-04T17:32:27.004Z", "updated_at": "2025-08-04T17:32:27.004Z"}}, {"model": "crm.studentsubjectlevel", "pk": 286, "fields": {"student": 37, "subject": 8, "level": 5, "created_at": "2025-08-04T17:32:27.018Z", "updated_at": "2025-08-04T17:32:27.018Z"}}, {"model": "crm.studentsubjectlevel", "pk": 287, "fields": {"student": 37, "subject": 2, "level": 2, "created_at": "2025-08-04T17:32:27.021Z", "updated_at": "2025-08-04T17:32:27.021Z"}}, {"model": "crm.studentsubjectlevel", "pk": 288, "fields": {"student": 37, "subject": 3, "level": 6, "created_at": "2025-08-04T17:32:27.024Z", "updated_at": "2025-08-04T17:32:27.024Z"}}, {"model": "crm.studentsubjectlevel", "pk": 289, "fields": {"student": 37, "subject": 1, "level": 6, "created_at": "2025-08-04T17:32:27.027Z", "updated_at": "2025-08-04T17:32:27.027Z"}}, {"model": "crm.studentsubjectlevel", "pk": 290, "fields": {"student": 38, "subject": 4, "level": 4, "created_at": "2025-08-04T17:32:27.030Z", "updated_at": "2025-08-04T17:32:27.030Z"}}, {"model": "crm.studentsubjectlevel", "pk": 291, "fields": {"student": 38, "subject": 5, "level": 3, "created_at": "2025-08-04T17:32:27.034Z", "updated_at": "2025-08-04T17:32:27.034Z"}}, {"model": "crm.studentsubjectlevel", "pk": 292, "fields": {"student": 38, "subject": 6, "level": 6, "created_at": "2025-08-04T17:32:27.039Z", "updated_at": "2025-08-04T17:32:27.039Z"}}, {"model": "crm.studentsubjectlevel", "pk": 293, "fields": {"student": 38, "subject": 7, "level": 5, "created_at": "2025-08-04T17:32:27.042Z", "updated_at": "2025-08-04T17:32:27.042Z"}}, {"model": "crm.studentsubjectlevel", "pk": 294, "fields": {"student": 38, "subject": 8, "level": 5, "created_at": "2025-08-04T17:32:27.046Z", "updated_at": "2025-08-04T17:32:27.046Z"}}, {"model": "crm.studentsubjectlevel", "pk": 295, "fields": {"student": 38, "subject": 2, "level": 6, "created_at": "2025-08-04T17:32:27.049Z", "updated_at": "2025-08-04T17:32:27.049Z"}}, {"model": "crm.studentsubjectlevel", "pk": 296, "fields": {"student": 38, "subject": 3, "level": 4, "created_at": "2025-08-04T17:32:27.052Z", "updated_at": "2025-08-04T17:32:27.053Z"}}, {"model": "crm.studentsubjectlevel", "pk": 297, "fields": {"student": 38, "subject": 1, "level": 3, "created_at": "2025-08-04T17:32:27.066Z", "updated_at": "2025-08-04T17:32:27.066Z"}}, {"model": "crm.studentsubjectlevel", "pk": 298, "fields": {"student": 39, "subject": 4, "level": 6, "created_at": "2025-08-04T17:32:27.072Z", "updated_at": "2025-08-04T17:32:27.072Z"}}, {"model": "crm.studentsubjectlevel", "pk": 299, "fields": {"student": 39, "subject": 5, "level": 5, "created_at": "2025-08-04T17:32:27.075Z", "updated_at": "2025-08-04T17:32:27.075Z"}}, {"model": "crm.studentsubjectlevel", "pk": 300, "fields": {"student": 39, "subject": 6, "level": 1, "created_at": "2025-08-04T17:32:27.078Z", "updated_at": "2025-08-04T17:32:27.078Z"}}, {"model": "crm.studentsubjectlevel", "pk": 301, "fields": {"student": 39, "subject": 7, "level": 1, "created_at": "2025-08-04T17:32:27.081Z", "updated_at": "2025-08-04T17:32:27.081Z"}}, {"model": "crm.studentsubjectlevel", "pk": 302, "fields": {"student": 39, "subject": 8, "level": 4, "created_at": "2025-08-04T17:32:27.087Z", "updated_at": "2025-08-04T17:32:27.087Z"}}, {"model": "crm.studentsubjectlevel", "pk": 303, "fields": {"student": 39, "subject": 2, "level": 2, "created_at": "2025-08-04T17:32:27.090Z", "updated_at": "2025-08-04T17:32:27.090Z"}}, {"model": "crm.studentsubjectlevel", "pk": 304, "fields": {"student": 39, "subject": 3, "level": 6, "created_at": "2025-08-04T17:32:27.093Z", "updated_at": "2025-08-04T17:32:27.093Z"}}, {"model": "crm.studentsubjectlevel", "pk": 305, "fields": {"student": 39, "subject": 1, "level": 6, "created_at": "2025-08-04T17:32:27.096Z", "updated_at": "2025-08-04T17:32:27.096Z"}}, {"model": "crm.studentsubjectlevel", "pk": 306, "fields": {"student": 40, "subject": 4, "level": 4, "created_at": "2025-08-04T17:32:27.100Z", "updated_at": "2025-08-04T17:32:27.100Z"}}, {"model": "crm.studentsubjectlevel", "pk": 307, "fields": {"student": 40, "subject": 5, "level": 5, "created_at": "2025-08-04T17:32:27.103Z", "updated_at": "2025-08-04T17:32:27.103Z"}}, {"model": "crm.studentsubjectlevel", "pk": 308, "fields": {"student": 40, "subject": 6, "level": 3, "created_at": "2025-08-04T17:32:27.106Z", "updated_at": "2025-08-04T17:32:27.106Z"}}, {"model": "crm.studentsubjectlevel", "pk": 309, "fields": {"student": 40, "subject": 7, "level": 1, "created_at": "2025-08-04T17:32:27.109Z", "updated_at": "2025-08-04T17:32:27.109Z"}}, {"model": "crm.studentsubjectlevel", "pk": 310, "fields": {"student": 40, "subject": 8, "level": 2, "created_at": "2025-08-04T17:32:27.112Z", "updated_at": "2025-08-04T17:32:27.112Z"}}, {"model": "crm.studentsubjectlevel", "pk": 311, "fields": {"student": 40, "subject": 2, "level": 3, "created_at": "2025-08-04T17:32:27.117Z", "updated_at": "2025-08-04T17:32:27.117Z"}}, {"model": "crm.studentsubjectlevel", "pk": 312, "fields": {"student": 40, "subject": 3, "level": 1, "created_at": "2025-08-04T17:32:27.121Z", "updated_at": "2025-08-04T17:32:27.121Z"}}, {"model": "crm.studentsubjectlevel", "pk": 313, "fields": {"student": 40, "subject": 1, "level": 3, "created_at": "2025-08-04T17:32:27.124Z", "updated_at": "2025-08-04T17:32:27.124Z"}}, {"model": "crm.studentsubjectlevel", "pk": 314, "fields": {"student": 41, "subject": 4, "level": 5, "created_at": "2025-08-04T17:32:27.127Z", "updated_at": "2025-08-04T17:32:27.127Z"}}, {"model": "crm.studentsubjectlevel", "pk": 315, "fields": {"student": 41, "subject": 5, "level": 4, "created_at": "2025-08-04T17:32:27.130Z", "updated_at": "2025-08-04T17:32:27.130Z"}}, {"model": "crm.studentsubjectlevel", "pk": 316, "fields": {"student": 41, "subject": 6, "level": 4, "created_at": "2025-08-04T17:32:27.133Z", "updated_at": "2025-08-04T17:32:27.133Z"}}, {"model": "crm.studentsubjectlevel", "pk": 317, "fields": {"student": 41, "subject": 7, "level": 4, "created_at": "2025-08-04T17:32:27.136Z", "updated_at": "2025-08-04T17:32:27.136Z"}}, {"model": "crm.studentsubjectlevel", "pk": 318, "fields": {"student": 41, "subject": 8, "level": 1, "created_at": "2025-08-04T17:32:27.139Z", "updated_at": "2025-08-04T17:32:27.139Z"}}, {"model": "crm.studentsubjectlevel", "pk": 319, "fields": {"student": 41, "subject": 2, "level": 1, "created_at": "2025-08-04T17:32:27.142Z", "updated_at": "2025-08-04T17:32:27.142Z"}}, {"model": "crm.studentsubjectlevel", "pk": 320, "fields": {"student": 41, "subject": 3, "level": 6, "created_at": "2025-08-04T17:32:27.146Z", "updated_at": "2025-08-04T17:32:27.146Z"}}, {"model": "crm.studentsubjectlevel", "pk": 321, "fields": {"student": 41, "subject": 1, "level": 4, "created_at": "2025-08-04T17:32:27.150Z", "updated_at": "2025-08-04T17:32:27.150Z"}}, {"model": "crm.studentsubjectlevel", "pk": 322, "fields": {"student": 42, "subject": 4, "level": 5, "created_at": "2025-08-04T17:32:27.153Z", "updated_at": "2025-08-04T17:32:27.153Z"}}, {"model": "crm.studentsubjectlevel", "pk": 323, "fields": {"student": 42, "subject": 5, "level": 3, "created_at": "2025-08-04T17:32:27.156Z", "updated_at": "2025-08-04T17:32:27.156Z"}}, {"model": "crm.studentsubjectlevel", "pk": 324, "fields": {"student": 42, "subject": 6, "level": 4, "created_at": "2025-08-04T17:32:27.159Z", "updated_at": "2025-08-04T17:32:27.159Z"}}, {"model": "crm.studentsubjectlevel", "pk": 325, "fields": {"student": 42, "subject": 7, "level": 4, "created_at": "2025-08-04T17:32:27.162Z", "updated_at": "2025-08-04T17:32:27.162Z"}}, {"model": "crm.studentsubjectlevel", "pk": 326, "fields": {"student": 42, "subject": 8, "level": 5, "created_at": "2025-08-04T17:32:27.166Z", "updated_at": "2025-08-04T17:32:27.166Z"}}, {"model": "crm.studentsubjectlevel", "pk": 327, "fields": {"student": 42, "subject": 2, "level": 2, "created_at": "2025-08-04T17:32:27.169Z", "updated_at": "2025-08-04T17:32:27.170Z"}}, {"model": "crm.studentsubjectlevel", "pk": 328, "fields": {"student": 42, "subject": 3, "level": 3, "created_at": "2025-08-04T17:32:27.173Z", "updated_at": "2025-08-04T17:32:27.173Z"}}, {"model": "crm.studentsubjectlevel", "pk": 329, "fields": {"student": 42, "subject": 1, "level": 3, "created_at": "2025-08-04T17:32:27.176Z", "updated_at": "2025-08-04T17:32:27.176Z"}}, {"model": "crm.studentsubjectlevel", "pk": 330, "fields": {"student": 43, "subject": 4, "level": 4, "created_at": "2025-08-04T17:32:27.181Z", "updated_at": "2025-08-04T17:32:27.181Z"}}, {"model": "crm.studentsubjectlevel", "pk": 331, "fields": {"student": 43, "subject": 5, "level": 2, "created_at": "2025-08-04T17:32:27.184Z", "updated_at": "2025-08-04T17:32:27.184Z"}}, {"model": "crm.studentsubjectlevel", "pk": 332, "fields": {"student": 43, "subject": 6, "level": 2, "created_at": "2025-08-04T17:32:27.188Z", "updated_at": "2025-08-04T17:32:27.188Z"}}, {"model": "crm.studentsubjectlevel", "pk": 333, "fields": {"student": 43, "subject": 7, "level": 6, "created_at": "2025-08-04T17:32:27.191Z", "updated_at": "2025-08-04T17:32:27.191Z"}}, {"model": "crm.studentsubjectlevel", "pk": 334, "fields": {"student": 43, "subject": 8, "level": 4, "created_at": "2025-08-04T17:32:27.195Z", "updated_at": "2025-08-04T17:32:27.195Z"}}, {"model": "crm.studentsubjectlevel", "pk": 335, "fields": {"student": 43, "subject": 2, "level": 2, "created_at": "2025-08-04T17:32:27.199Z", "updated_at": "2025-08-04T17:32:27.199Z"}}, {"model": "crm.studentsubjectlevel", "pk": 336, "fields": {"student": 43, "subject": 3, "level": 5, "created_at": "2025-08-04T17:32:27.202Z", "updated_at": "2025-08-04T17:32:27.202Z"}}, {"model": "crm.studentsubjectlevel", "pk": 337, "fields": {"student": 43, "subject": 1, "level": 4, "created_at": "2025-08-04T17:32:27.206Z", "updated_at": "2025-08-04T17:32:27.206Z"}}, {"model": "crm.studentsubjectlevel", "pk": 338, "fields": {"student": 44, "subject": 4, "level": 5, "created_at": "2025-08-04T17:32:27.209Z", "updated_at": "2025-08-04T17:32:27.209Z"}}, {"model": "crm.studentsubjectlevel", "pk": 339, "fields": {"student": 44, "subject": 5, "level": 3, "created_at": "2025-08-04T17:32:27.214Z", "updated_at": "2025-08-04T17:32:27.214Z"}}, {"model": "crm.studentsubjectlevel", "pk": 340, "fields": {"student": 44, "subject": 6, "level": 4, "created_at": "2025-08-04T17:32:27.217Z", "updated_at": "2025-08-04T17:32:27.217Z"}}, {"model": "crm.studentsubjectlevel", "pk": 341, "fields": {"student": 44, "subject": 7, "level": 6, "created_at": "2025-08-04T17:32:27.221Z", "updated_at": "2025-08-04T17:32:27.221Z"}}, {"model": "crm.studentsubjectlevel", "pk": 342, "fields": {"student": 44, "subject": 8, "level": 1, "created_at": "2025-08-04T17:32:27.224Z", "updated_at": "2025-08-04T17:32:27.224Z"}}, {"model": "crm.studentsubjectlevel", "pk": 343, "fields": {"student": 44, "subject": 2, "level": 6, "created_at": "2025-08-04T17:32:27.227Z", "updated_at": "2025-08-04T17:32:27.227Z"}}, {"model": "crm.studentsubjectlevel", "pk": 344, "fields": {"student": 44, "subject": 3, "level": 6, "created_at": "2025-08-04T17:32:27.230Z", "updated_at": "2025-08-04T17:32:27.230Z"}}, {"model": "crm.studentsubjectlevel", "pk": 345, "fields": {"student": 44, "subject": 1, "level": 5, "created_at": "2025-08-04T17:32:27.234Z", "updated_at": "2025-08-04T17:32:27.234Z"}}, {"model": "crm.studentsubjectlevel", "pk": 346, "fields": {"student": 45, "subject": 4, "level": 6, "created_at": "2025-08-04T17:32:27.237Z", "updated_at": "2025-08-04T17:32:27.237Z"}}, {"model": "crm.studentsubjectlevel", "pk": 347, "fields": {"student": 45, "subject": 5, "level": 4, "created_at": "2025-08-04T17:32:27.240Z", "updated_at": "2025-08-04T17:32:27.240Z"}}, {"model": "crm.studentsubjectlevel", "pk": 348, "fields": {"student": 45, "subject": 6, "level": 3, "created_at": "2025-08-04T17:32:27.245Z", "updated_at": "2025-08-04T17:32:27.245Z"}}, {"model": "crm.studentsubjectlevel", "pk": 349, "fields": {"student": 45, "subject": 7, "level": 3, "created_at": "2025-08-04T17:32:27.249Z", "updated_at": "2025-08-04T17:32:27.249Z"}}, {"model": "crm.studentsubjectlevel", "pk": 350, "fields": {"student": 45, "subject": 8, "level": 4, "created_at": "2025-08-04T17:32:27.252Z", "updated_at": "2025-08-04T17:32:27.252Z"}}, {"model": "crm.studentsubjectlevel", "pk": 351, "fields": {"student": 45, "subject": 2, "level": 2, "created_at": "2025-08-04T17:32:27.255Z", "updated_at": "2025-08-04T17:32:27.255Z"}}, {"model": "crm.studentsubjectlevel", "pk": 352, "fields": {"student": 45, "subject": 3, "level": 6, "created_at": "2025-08-04T17:32:27.258Z", "updated_at": "2025-08-04T17:32:27.258Z"}}, {"model": "crm.studentsubjectlevel", "pk": 353, "fields": {"student": 45, "subject": 1, "level": 3, "created_at": "2025-08-04T17:32:27.261Z", "updated_at": "2025-08-04T17:32:27.261Z"}}, {"model": "crm.studentsubjectlevel", "pk": 354, "fields": {"student": 46, "subject": 4, "level": 2, "created_at": "2025-08-04T17:32:27.264Z", "updated_at": "2025-08-04T17:32:27.264Z"}}, {"model": "crm.studentsubjectlevel", "pk": 355, "fields": {"student": 46, "subject": 5, "level": 6, "created_at": "2025-08-04T17:32:27.267Z", "updated_at": "2025-08-04T17:32:27.267Z"}}, {"model": "crm.studentsubjectlevel", "pk": 356, "fields": {"student": 46, "subject": 6, "level": 1, "created_at": "2025-08-04T17:32:27.270Z", "updated_at": "2025-08-04T17:32:27.270Z"}}, {"model": "crm.studentsubjectlevel", "pk": 357, "fields": {"student": 46, "subject": 7, "level": 4, "created_at": "2025-08-04T17:32:27.275Z", "updated_at": "2025-08-04T17:32:27.275Z"}}, {"model": "crm.studentsubjectlevel", "pk": 358, "fields": {"student": 46, "subject": 8, "level": 6, "created_at": "2025-08-04T17:32:27.278Z", "updated_at": "2025-08-04T17:32:27.278Z"}}, {"model": "crm.studentsubjectlevel", "pk": 359, "fields": {"student": 46, "subject": 2, "level": 2, "created_at": "2025-08-04T17:32:27.281Z", "updated_at": "2025-08-04T17:32:27.281Z"}}, {"model": "crm.studentsubjectlevel", "pk": 360, "fields": {"student": 46, "subject": 3, "level": 3, "created_at": "2025-08-04T17:32:27.285Z", "updated_at": "2025-08-04T17:32:27.285Z"}}, {"model": "crm.studentsubjectlevel", "pk": 361, "fields": {"student": 46, "subject": 1, "level": 6, "created_at": "2025-08-04T17:32:27.288Z", "updated_at": "2025-08-04T17:32:27.288Z"}}, {"model": "crm.studentsubjectlevel", "pk": 362, "fields": {"student": 47, "subject": 4, "level": 6, "created_at": "2025-08-04T17:32:27.291Z", "updated_at": "2025-08-04T17:32:27.291Z"}}, {"model": "crm.studentsubjectlevel", "pk": 363, "fields": {"student": 47, "subject": 5, "level": 6, "created_at": "2025-08-04T17:32:27.294Z", "updated_at": "2025-08-04T17:32:27.294Z"}}, {"model": "crm.studentsubjectlevel", "pk": 364, "fields": {"student": 47, "subject": 6, "level": 2, "created_at": "2025-08-04T17:32:27.297Z", "updated_at": "2025-08-04T17:32:27.297Z"}}, {"model": "crm.studentsubjectlevel", "pk": 365, "fields": {"student": 47, "subject": 7, "level": 1, "created_at": "2025-08-04T17:32:27.300Z", "updated_at": "2025-08-04T17:32:27.300Z"}}, {"model": "crm.studentsubjectlevel", "pk": 366, "fields": {"student": 47, "subject": 8, "level": 3, "created_at": "2025-08-04T17:32:27.304Z", "updated_at": "2025-08-04T17:32:27.304Z"}}, {"model": "crm.studentsubjectlevel", "pk": 367, "fields": {"student": 47, "subject": 2, "level": 2, "created_at": "2025-08-04T17:32:27.309Z", "updated_at": "2025-08-04T17:32:27.309Z"}}, {"model": "crm.studentsubjectlevel", "pk": 368, "fields": {"student": 47, "subject": 3, "level": 2, "created_at": "2025-08-04T17:32:27.312Z", "updated_at": "2025-08-04T17:32:27.312Z"}}, {"model": "crm.studentsubjectlevel", "pk": 369, "fields": {"student": 47, "subject": 1, "level": 2, "created_at": "2025-08-04T17:32:27.315Z", "updated_at": "2025-08-04T17:32:27.315Z"}}, {"model": "crm.studentsubjectlevel", "pk": 370, "fields": {"student": 48, "subject": 4, "level": 3, "created_at": "2025-08-04T17:32:27.319Z", "updated_at": "2025-08-04T17:32:27.319Z"}}, {"model": "crm.studentsubjectlevel", "pk": 371, "fields": {"student": 48, "subject": 5, "level": 1, "created_at": "2025-08-04T17:32:27.322Z", "updated_at": "2025-08-04T17:32:27.322Z"}}, {"model": "crm.studentsubjectlevel", "pk": 372, "fields": {"student": 48, "subject": 6, "level": 1, "created_at": "2025-08-04T17:32:27.325Z", "updated_at": "2025-08-04T17:32:27.325Z"}}, {"model": "crm.studentsubjectlevel", "pk": 373, "fields": {"student": 48, "subject": 7, "level": 3, "created_at": "2025-08-04T17:32:27.328Z", "updated_at": "2025-08-04T17:32:27.328Z"}}, {"model": "crm.studentsubjectlevel", "pk": 374, "fields": {"student": 48, "subject": 8, "level": 4, "created_at": "2025-08-04T17:32:27.332Z", "updated_at": "2025-08-04T17:32:27.332Z"}}, {"model": "crm.studentsubjectlevel", "pk": 375, "fields": {"student": 48, "subject": 2, "level": 3, "created_at": "2025-08-04T17:32:27.336Z", "updated_at": "2025-08-04T17:32:27.336Z"}}, {"model": "crm.studentsubjectlevel", "pk": 376, "fields": {"student": 48, "subject": 3, "level": 3, "created_at": "2025-08-04T17:32:27.340Z", "updated_at": "2025-08-04T17:32:27.341Z"}}, {"model": "crm.studentsubjectlevel", "pk": 377, "fields": {"student": 48, "subject": 1, "level": 3, "created_at": "2025-08-04T17:32:27.343Z", "updated_at": "2025-08-04T17:32:27.343Z"}}, {"model": "crm.studentsubjectlevel", "pk": 378, "fields": {"student": 49, "subject": 4, "level": 6, "created_at": "2025-08-04T17:32:27.347Z", "updated_at": "2025-08-04T17:32:27.347Z"}}, {"model": "crm.studentsubjectlevel", "pk": 379, "fields": {"student": 49, "subject": 5, "level": 5, "created_at": "2025-08-04T17:32:27.351Z", "updated_at": "2025-08-04T17:32:27.351Z"}}, {"model": "crm.studentsubjectlevel", "pk": 380, "fields": {"student": 49, "subject": 6, "level": 5, "created_at": "2025-08-04T17:32:27.353Z", "updated_at": "2025-08-04T17:32:27.353Z"}}, {"model": "crm.studentsubjectlevel", "pk": 381, "fields": {"student": 49, "subject": 7, "level": 5, "created_at": "2025-08-04T17:32:27.357Z", "updated_at": "2025-08-04T17:32:27.357Z"}}, {"model": "crm.studentsubjectlevel", "pk": 382, "fields": {"student": 49, "subject": 8, "level": 5, "created_at": "2025-08-04T17:32:27.359Z", "updated_at": "2025-08-04T17:32:27.359Z"}}, {"model": "crm.studentsubjectlevel", "pk": 383, "fields": {"student": 49, "subject": 2, "level": 2, "created_at": "2025-08-04T17:32:27.363Z", "updated_at": "2025-08-04T17:32:27.363Z"}}, {"model": "crm.studentsubjectlevel", "pk": 384, "fields": {"student": 49, "subject": 3, "level": 4, "created_at": "2025-08-04T17:32:27.366Z", "updated_at": "2025-08-04T17:32:27.366Z"}}, {"model": "crm.studentsubjectlevel", "pk": 385, "fields": {"student": 49, "subject": 1, "level": 5, "created_at": "2025-08-04T17:32:27.371Z", "updated_at": "2025-08-04T17:32:27.371Z"}}, {"model": "crm.studentsubjectlevel", "pk": 386, "fields": {"student": 50, "subject": 4, "level": 6, "created_at": "2025-08-04T17:32:27.375Z", "updated_at": "2025-08-04T17:32:27.375Z"}}, {"model": "crm.studentsubjectlevel", "pk": 387, "fields": {"student": 50, "subject": 5, "level": 3, "created_at": "2025-08-04T17:32:27.377Z", "updated_at": "2025-08-04T17:32:27.377Z"}}, {"model": "crm.studentsubjectlevel", "pk": 388, "fields": {"student": 50, "subject": 6, "level": 3, "created_at": "2025-08-04T17:32:27.381Z", "updated_at": "2025-08-04T17:32:27.381Z"}}, {"model": "crm.studentsubjectlevel", "pk": 389, "fields": {"student": 50, "subject": 7, "level": 2, "created_at": "2025-08-04T17:32:27.384Z", "updated_at": "2025-08-04T17:32:27.384Z"}}, {"model": "crm.studentsubjectlevel", "pk": 390, "fields": {"student": 50, "subject": 8, "level": 4, "created_at": "2025-08-04T17:32:27.388Z", "updated_at": "2025-08-04T17:32:27.388Z"}}, {"model": "crm.studentsubjectlevel", "pk": 391, "fields": {"student": 50, "subject": 2, "level": 5, "created_at": "2025-08-04T17:32:27.391Z", "updated_at": "2025-08-04T17:32:27.391Z"}}, {"model": "crm.studentsubjectlevel", "pk": 392, "fields": {"student": 50, "subject": 3, "level": 5, "created_at": "2025-08-04T17:32:27.394Z", "updated_at": "2025-08-04T17:32:27.394Z"}}, {"model": "crm.studentsubjectlevel", "pk": 393, "fields": {"student": 50, "subject": 1, "level": 4, "created_at": "2025-08-04T17:32:27.397Z", "updated_at": "2025-08-04T17:32:27.397Z"}}, {"model": "crm.studentsubjectlevel", "pk": 394, "fields": {"student": 51, "subject": 4, "level": 4, "created_at": "2025-08-04T17:32:27.402Z", "updated_at": "2025-08-04T17:32:27.402Z"}}, {"model": "crm.studentsubjectlevel", "pk": 395, "fields": {"student": 51, "subject": 5, "level": 5, "created_at": "2025-08-04T17:32:27.407Z", "updated_at": "2025-08-04T17:32:27.407Z"}}, {"model": "crm.studentsubjectlevel", "pk": 396, "fields": {"student": 51, "subject": 6, "level": 3, "created_at": "2025-08-04T17:32:27.410Z", "updated_at": "2025-08-04T17:32:27.410Z"}}, {"model": "crm.studentsubjectlevel", "pk": 397, "fields": {"student": 51, "subject": 7, "level": 2, "created_at": "2025-08-04T17:32:27.413Z", "updated_at": "2025-08-04T17:32:27.413Z"}}, {"model": "crm.studentsubjectlevel", "pk": 398, "fields": {"student": 51, "subject": 8, "level": 6, "created_at": "2025-08-04T17:32:27.416Z", "updated_at": "2025-08-04T17:32:27.416Z"}}, {"model": "crm.studentsubjectlevel", "pk": 399, "fields": {"student": 51, "subject": 2, "level": 6, "created_at": "2025-08-04T17:32:27.420Z", "updated_at": "2025-08-04T17:32:27.420Z"}}, {"model": "crm.studentsubjectlevel", "pk": 400, "fields": {"student": 51, "subject": 3, "level": 5, "created_at": "2025-08-04T17:32:27.423Z", "updated_at": "2025-08-04T17:32:27.423Z"}}, {"model": "crm.studentsubjectlevel", "pk": 401, "fields": {"student": 51, "subject": 1, "level": 1, "created_at": "2025-08-04T17:32:27.425Z", "updated_at": "2025-08-04T17:32:27.425Z"}}, {"model": "crm.studentsubjectlevel", "pk": 402, "fields": {"student": 52, "subject": 4, "level": 6, "created_at": "2025-08-04T17:32:27.428Z", "updated_at": "2025-08-04T17:32:27.428Z"}}, {"model": "crm.studentsubjectlevel", "pk": 403, "fields": {"student": 52, "subject": 5, "level": 3, "created_at": "2025-08-04T17:32:27.432Z", "updated_at": "2025-08-04T17:32:27.432Z"}}, {"model": "crm.studentsubjectlevel", "pk": 404, "fields": {"student": 52, "subject": 6, "level": 1, "created_at": "2025-08-04T17:32:27.437Z", "updated_at": "2025-08-04T17:32:27.437Z"}}, {"model": "crm.studentsubjectlevel", "pk": 405, "fields": {"student": 52, "subject": 7, "level": 6, "created_at": "2025-08-04T17:32:27.440Z", "updated_at": "2025-08-04T17:32:27.440Z"}}, {"model": "crm.studentsubjectlevel", "pk": 406, "fields": {"student": 52, "subject": 8, "level": 6, "created_at": "2025-08-04T17:32:27.443Z", "updated_at": "2025-08-04T17:32:27.443Z"}}, {"model": "crm.studentsubjectlevel", "pk": 407, "fields": {"student": 52, "subject": 2, "level": 3, "created_at": "2025-08-04T17:32:27.446Z", "updated_at": "2025-08-04T17:32:27.446Z"}}, {"model": "crm.studentsubjectlevel", "pk": 408, "fields": {"student": 52, "subject": 3, "level": 3, "created_at": "2025-08-04T17:32:27.449Z", "updated_at": "2025-08-04T17:32:27.449Z"}}, {"model": "crm.studentsubjectlevel", "pk": 409, "fields": {"student": 52, "subject": 1, "level": 3, "created_at": "2025-08-04T17:32:27.452Z", "updated_at": "2025-08-04T17:32:27.452Z"}}, {"model": "crm.studentsubjectlevel", "pk": 410, "fields": {"student": 53, "subject": 4, "level": 3, "created_at": "2025-08-04T17:32:27.455Z", "updated_at": "2025-08-04T17:32:27.456Z"}}, {"model": "crm.studentsubjectlevel", "pk": 411, "fields": {"student": 53, "subject": 5, "level": 5, "created_at": "2025-08-04T17:32:27.458Z", "updated_at": "2025-08-04T17:32:27.458Z"}}, {"model": "crm.studentsubjectlevel", "pk": 412, "fields": {"student": 53, "subject": 6, "level": 1, "created_at": "2025-08-04T17:32:27.461Z", "updated_at": "2025-08-04T17:32:27.461Z"}}, {"model": "crm.studentsubjectlevel", "pk": 413, "fields": {"student": 53, "subject": 7, "level": 5, "created_at": "2025-08-04T17:32:27.466Z", "updated_at": "2025-08-04T17:32:27.466Z"}}, {"model": "crm.studentsubjectlevel", "pk": 414, "fields": {"student": 53, "subject": 8, "level": 5, "created_at": "2025-08-04T17:32:27.470Z", "updated_at": "2025-08-04T17:32:27.470Z"}}, {"model": "crm.studentsubjectlevel", "pk": 415, "fields": {"student": 53, "subject": 2, "level": 2, "created_at": "2025-08-04T17:32:27.473Z", "updated_at": "2025-08-04T17:32:27.473Z"}}, {"model": "crm.studentsubjectlevel", "pk": 416, "fields": {"student": 53, "subject": 3, "level": 4, "created_at": "2025-08-04T17:32:27.476Z", "updated_at": "2025-08-04T17:32:27.476Z"}}, {"model": "crm.studentsubjectlevel", "pk": 417, "fields": {"student": 53, "subject": 1, "level": 3, "created_at": "2025-08-04T17:32:27.479Z", "updated_at": "2025-08-04T17:32:27.479Z"}}, {"model": "crm.studentsubjectlevel", "pk": 418, "fields": {"student": 54, "subject": 4, "level": 2, "created_at": "2025-08-04T17:32:27.482Z", "updated_at": "2025-08-04T17:32:27.482Z"}}, {"model": "crm.studentsubjectlevel", "pk": 419, "fields": {"student": 54, "subject": 5, "level": 6, "created_at": "2025-08-04T17:32:27.485Z", "updated_at": "2025-08-04T17:32:27.485Z"}}, {"model": "crm.studentsubjectlevel", "pk": 420, "fields": {"student": 54, "subject": 6, "level": 3, "created_at": "2025-08-04T17:32:27.488Z", "updated_at": "2025-08-04T17:32:27.488Z"}}, {"model": "crm.studentsubjectlevel", "pk": 421, "fields": {"student": 54, "subject": 7, "level": 1, "created_at": "2025-08-04T17:32:27.491Z", "updated_at": "2025-08-04T17:32:27.491Z"}}, {"model": "crm.studentsubjectlevel", "pk": 422, "fields": {"student": 54, "subject": 8, "level": 5, "created_at": "2025-08-04T17:32:27.496Z", "updated_at": "2025-08-04T17:32:27.496Z"}}, {"model": "crm.studentsubjectlevel", "pk": 423, "fields": {"student": 54, "subject": 2, "level": 1, "created_at": "2025-08-04T17:32:27.499Z", "updated_at": "2025-08-04T17:32:27.499Z"}}, {"model": "crm.studentsubjectlevel", "pk": 424, "fields": {"student": 54, "subject": 3, "level": 3, "created_at": "2025-08-04T17:32:27.503Z", "updated_at": "2025-08-04T17:32:27.503Z"}}, {"model": "crm.studentsubjectlevel", "pk": 425, "fields": {"student": 54, "subject": 1, "level": 1, "created_at": "2025-08-04T17:32:27.506Z", "updated_at": "2025-08-04T17:32:27.506Z"}}, {"model": "crm.studentsubjectlevel", "pk": 426, "fields": {"student": 55, "subject": 4, "level": 2, "created_at": "2025-08-04T17:32:27.509Z", "updated_at": "2025-08-04T17:32:27.509Z"}}, {"model": "crm.studentsubjectlevel", "pk": 427, "fields": {"student": 55, "subject": 5, "level": 2, "created_at": "2025-08-04T17:32:27.512Z", "updated_at": "2025-08-04T17:32:27.512Z"}}, {"model": "crm.studentsubjectlevel", "pk": 428, "fields": {"student": 55, "subject": 6, "level": 2, "created_at": "2025-08-04T17:32:27.516Z", "updated_at": "2025-08-04T17:32:27.516Z"}}, {"model": "crm.studentsubjectlevel", "pk": 429, "fields": {"student": 55, "subject": 7, "level": 4, "created_at": "2025-08-04T17:32:27.520Z", "updated_at": "2025-08-04T17:32:27.520Z"}}, {"model": "crm.studentsubjectlevel", "pk": 430, "fields": {"student": 55, "subject": 8, "level": 4, "created_at": "2025-08-04T17:32:27.523Z", "updated_at": "2025-08-04T17:32:27.523Z"}}, {"model": "crm.studentsubjectlevel", "pk": 431, "fields": {"student": 55, "subject": 2, "level": 1, "created_at": "2025-08-04T17:32:27.527Z", "updated_at": "2025-08-04T17:32:27.527Z"}}, {"model": "crm.studentsubjectlevel", "pk": 432, "fields": {"student": 55, "subject": 3, "level": 3, "created_at": "2025-08-04T17:32:27.531Z", "updated_at": "2025-08-04T17:32:27.531Z"}}, {"model": "crm.studentsubjectlevel", "pk": 433, "fields": {"student": 55, "subject": 1, "level": 5, "created_at": "2025-08-04T17:32:27.535Z", "updated_at": "2025-08-04T17:32:27.535Z"}}, {"model": "crm.studentsubjectlevel", "pk": 434, "fields": {"student": 56, "subject": 4, "level": 4, "created_at": "2025-08-04T17:32:27.538Z", "updated_at": "2025-08-04T17:32:27.538Z"}}, {"model": "crm.studentsubjectlevel", "pk": 435, "fields": {"student": 56, "subject": 5, "level": 5, "created_at": "2025-08-04T17:32:27.541Z", "updated_at": "2025-08-04T17:32:27.541Z"}}, {"model": "crm.studentsubjectlevel", "pk": 436, "fields": {"student": 56, "subject": 6, "level": 2, "created_at": "2025-08-04T17:32:27.544Z", "updated_at": "2025-08-04T17:32:27.544Z"}}, {"model": "crm.studentsubjectlevel", "pk": 437, "fields": {"student": 56, "subject": 7, "level": 4, "created_at": "2025-08-04T17:32:27.547Z", "updated_at": "2025-08-04T17:32:27.547Z"}}, {"model": "crm.studentsubjectlevel", "pk": 438, "fields": {"student": 56, "subject": 8, "level": 1, "created_at": "2025-08-04T17:32:27.551Z", "updated_at": "2025-08-04T17:32:27.551Z"}}, {"model": "crm.studentsubjectlevel", "pk": 439, "fields": {"student": 56, "subject": 2, "level": 5, "created_at": "2025-08-04T17:32:27.554Z", "updated_at": "2025-08-04T17:32:27.554Z"}}, {"model": "crm.studentsubjectlevel", "pk": 440, "fields": {"student": 56, "subject": 3, "level": 5, "created_at": "2025-08-04T17:32:27.558Z", "updated_at": "2025-08-04T17:32:27.558Z"}}, {"model": "crm.studentsubjectlevel", "pk": 441, "fields": {"student": 56, "subject": 1, "level": 4, "created_at": "2025-08-04T17:32:27.561Z", "updated_at": "2025-08-04T17:32:27.561Z"}}, {"model": "crm.studentsubjectlevel", "pk": 442, "fields": {"student": 57, "subject": 4, "level": 3, "created_at": "2025-08-04T17:32:27.565Z", "updated_at": "2025-08-04T17:32:27.565Z"}}, {"model": "crm.studentsubjectlevel", "pk": 443, "fields": {"student": 57, "subject": 5, "level": 1, "created_at": "2025-08-04T17:32:27.578Z", "updated_at": "2025-08-04T17:32:27.578Z"}}, {"model": "crm.studentsubjectlevel", "pk": 444, "fields": {"student": 57, "subject": 6, "level": 4, "created_at": "2025-08-04T17:32:27.582Z", "updated_at": "2025-08-04T17:32:27.582Z"}}, {"model": "crm.studentsubjectlevel", "pk": 445, "fields": {"student": 57, "subject": 7, "level": 5, "created_at": "2025-08-04T17:32:27.585Z", "updated_at": "2025-08-04T17:32:27.585Z"}}, {"model": "crm.studentsubjectlevel", "pk": 446, "fields": {"student": 57, "subject": 8, "level": 5, "created_at": "2025-08-04T17:32:27.588Z", "updated_at": "2025-08-04T17:32:27.588Z"}}, {"model": "crm.studentsubjectlevel", "pk": 447, "fields": {"student": 57, "subject": 2, "level": 3, "created_at": "2025-08-04T17:32:27.591Z", "updated_at": "2025-08-04T17:32:27.591Z"}}, {"model": "crm.studentsubjectlevel", "pk": 448, "fields": {"student": 57, "subject": 3, "level": 2, "created_at": "2025-08-04T17:32:27.594Z", "updated_at": "2025-08-04T17:32:27.594Z"}}, {"model": "crm.studentsubjectlevel", "pk": 449, "fields": {"student": 57, "subject": 1, "level": 1, "created_at": "2025-08-04T17:32:27.597Z", "updated_at": "2025-08-04T17:32:27.597Z"}}, {"model": "crm.studentsubjectlevel", "pk": 450, "fields": {"student": 58, "subject": 4, "level": 5, "created_at": "2025-08-04T17:32:27.602Z", "updated_at": "2025-08-04T17:32:27.602Z"}}, {"model": "crm.studentsubjectlevel", "pk": 451, "fields": {"student": 58, "subject": 5, "level": 5, "created_at": "2025-08-04T17:32:27.606Z", "updated_at": "2025-08-04T17:32:27.606Z"}}, {"model": "crm.studentsubjectlevel", "pk": 452, "fields": {"student": 58, "subject": 6, "level": 4, "created_at": "2025-08-04T17:32:27.608Z", "updated_at": "2025-08-04T17:32:27.608Z"}}, {"model": "crm.studentsubjectlevel", "pk": 453, "fields": {"student": 58, "subject": 7, "level": 1, "created_at": "2025-08-04T17:32:27.611Z", "updated_at": "2025-08-04T17:32:27.611Z"}}, {"model": "crm.studentsubjectlevel", "pk": 454, "fields": {"student": 58, "subject": 8, "level": 6, "created_at": "2025-08-04T17:32:27.614Z", "updated_at": "2025-08-04T17:32:27.614Z"}}, {"model": "crm.studentsubjectlevel", "pk": 455, "fields": {"student": 58, "subject": 2, "level": 2, "created_at": "2025-08-04T17:32:27.617Z", "updated_at": "2025-08-04T17:32:27.617Z"}}, {"model": "crm.studentsubjectlevel", "pk": 456, "fields": {"student": 58, "subject": 3, "level": 5, "created_at": "2025-08-04T17:32:27.621Z", "updated_at": "2025-08-04T17:32:27.621Z"}}, {"model": "crm.studentsubjectlevel", "pk": 457, "fields": {"student": 58, "subject": 1, "level": 1, "created_at": "2025-08-04T17:32:27.623Z", "updated_at": "2025-08-04T17:32:27.623Z"}}, {"model": "crm.studentsubjectlevel", "pk": 458, "fields": {"student": 59, "subject": 4, "level": 2, "created_at": "2025-08-04T17:32:27.626Z", "updated_at": "2025-08-04T17:32:27.626Z"}}, {"model": "crm.studentsubjectlevel", "pk": 459, "fields": {"student": 59, "subject": 5, "level": 4, "created_at": "2025-08-04T17:32:27.631Z", "updated_at": "2025-08-04T17:32:27.631Z"}}, {"model": "crm.studentsubjectlevel", "pk": 460, "fields": {"student": 59, "subject": 6, "level": 3, "created_at": "2025-08-04T17:32:27.634Z", "updated_at": "2025-08-04T17:32:27.634Z"}}, {"model": "crm.studentsubjectlevel", "pk": 461, "fields": {"student": 59, "subject": 7, "level": 5, "created_at": "2025-08-04T17:32:27.638Z", "updated_at": "2025-08-04T17:32:27.638Z"}}, {"model": "crm.studentsubjectlevel", "pk": 462, "fields": {"student": 59, "subject": 8, "level": 4, "created_at": "2025-08-04T17:32:27.641Z", "updated_at": "2025-08-04T17:32:27.641Z"}}, {"model": "crm.studentsubjectlevel", "pk": 463, "fields": {"student": 59, "subject": 2, "level": 5, "created_at": "2025-08-04T17:32:27.644Z", "updated_at": "2025-08-04T17:32:27.644Z"}}, {"model": "crm.studentsubjectlevel", "pk": 464, "fields": {"student": 59, "subject": 3, "level": 5, "created_at": "2025-08-04T17:32:27.647Z", "updated_at": "2025-08-04T17:32:27.647Z"}}, {"model": "crm.studentsubjectlevel", "pk": 465, "fields": {"student": 59, "subject": 1, "level": 6, "created_at": "2025-08-04T17:32:27.651Z", "updated_at": "2025-08-04T17:32:27.651Z"}}, {"model": "crm.studentsubjectlevel", "pk": 466, "fields": {"student": 60, "subject": 4, "level": 2, "created_at": "2025-08-04T17:32:27.654Z", "updated_at": "2025-08-04T17:32:27.654Z"}}, {"model": "crm.studentsubjectlevel", "pk": 467, "fields": {"student": 60, "subject": 5, "level": 4, "created_at": "2025-08-04T17:32:27.657Z", "updated_at": "2025-08-04T17:32:27.657Z"}}, {"model": "crm.studentsubjectlevel", "pk": 468, "fields": {"student": 60, "subject": 6, "level": 1, "created_at": "2025-08-04T17:32:27.661Z", "updated_at": "2025-08-04T17:32:27.661Z"}}, {"model": "crm.studentsubjectlevel", "pk": 469, "fields": {"student": 60, "subject": 7, "level": 5, "created_at": "2025-08-04T17:32:27.665Z", "updated_at": "2025-08-04T17:32:27.665Z"}}, {"model": "crm.studentsubjectlevel", "pk": 470, "fields": {"student": 60, "subject": 8, "level": 3, "created_at": "2025-08-04T17:32:27.669Z", "updated_at": "2025-08-04T17:32:27.669Z"}}, {"model": "crm.studentsubjectlevel", "pk": 471, "fields": {"student": 60, "subject": 2, "level": 5, "created_at": "2025-08-04T17:32:27.672Z", "updated_at": "2025-08-04T17:32:27.672Z"}}, {"model": "crm.studentsubjectlevel", "pk": 472, "fields": {"student": 60, "subject": 3, "level": 1, "created_at": "2025-08-04T17:32:27.675Z", "updated_at": "2025-08-04T17:32:27.675Z"}}, {"model": "crm.studentsubjectlevel", "pk": 473, "fields": {"student": 60, "subject": 1, "level": 6, "created_at": "2025-08-04T17:32:27.678Z", "updated_at": "2025-08-04T17:32:27.678Z"}}, {"model": "crm.studentsubjectlevel", "pk": 474, "fields": {"student": 61, "subject": 4, "level": 1, "created_at": "2025-08-04T17:32:27.681Z", "updated_at": "2025-08-04T17:32:27.681Z"}}, {"model": "crm.studentsubjectlevel", "pk": 475, "fields": {"student": 61, "subject": 5, "level": 6, "created_at": "2025-08-04T17:32:27.684Z", "updated_at": "2025-08-04T17:32:27.684Z"}}, {"model": "crm.studentsubjectlevel", "pk": 476, "fields": {"student": 61, "subject": 6, "level": 6, "created_at": "2025-08-04T17:32:27.687Z", "updated_at": "2025-08-04T17:32:27.687Z"}}, {"model": "crm.studentsubjectlevel", "pk": 477, "fields": {"student": 61, "subject": 7, "level": 2, "created_at": "2025-08-04T17:32:27.693Z", "updated_at": "2025-08-04T17:32:27.693Z"}}, {"model": "crm.studentsubjectlevel", "pk": 478, "fields": {"student": 61, "subject": 8, "level": 6, "created_at": "2025-08-04T17:32:27.696Z", "updated_at": "2025-08-04T17:32:27.696Z"}}, {"model": "crm.studentsubjectlevel", "pk": 479, "fields": {"student": 61, "subject": 2, "level": 5, "created_at": "2025-08-04T17:32:27.700Z", "updated_at": "2025-08-04T17:32:27.700Z"}}, {"model": "crm.studentsubjectlevel", "pk": 480, "fields": {"student": 61, "subject": 3, "level": 4, "created_at": "2025-08-04T17:32:27.703Z", "updated_at": "2025-08-04T17:32:27.703Z"}}, {"model": "crm.studentsubjectlevel", "pk": 481, "fields": {"student": 61, "subject": 1, "level": 4, "created_at": "2025-08-04T17:32:27.706Z", "updated_at": "2025-08-04T17:32:27.706Z"}}, {"model": "crm.studentsubjectlevel", "pk": 482, "fields": {"student": 62, "subject": 4, "level": 6, "created_at": "2025-08-04T17:32:27.709Z", "updated_at": "2025-08-04T17:32:27.709Z"}}, {"model": "crm.studentsubjectlevel", "pk": 483, "fields": {"student": 62, "subject": 5, "level": 3, "created_at": "2025-08-04T17:32:27.712Z", "updated_at": "2025-08-04T17:32:27.712Z"}}, {"model": "crm.studentsubjectlevel", "pk": 484, "fields": {"student": 62, "subject": 6, "level": 3, "created_at": "2025-08-04T17:32:27.715Z", "updated_at": "2025-08-04T17:32:27.715Z"}}, {"model": "crm.studentsubjectlevel", "pk": 485, "fields": {"student": 62, "subject": 7, "level": 6, "created_at": "2025-08-04T17:32:27.719Z", "updated_at": "2025-08-04T17:32:27.719Z"}}, {"model": "crm.studentsubjectlevel", "pk": 486, "fields": {"student": 62, "subject": 8, "level": 2, "created_at": "2025-08-04T17:32:27.723Z", "updated_at": "2025-08-04T17:32:27.723Z"}}, {"model": "crm.studentsubjectlevel", "pk": 487, "fields": {"student": 62, "subject": 2, "level": 6, "created_at": "2025-08-04T17:32:27.726Z", "updated_at": "2025-08-04T17:32:27.726Z"}}, {"model": "crm.studentsubjectlevel", "pk": 488, "fields": {"student": 62, "subject": 3, "level": 1, "created_at": "2025-08-04T17:32:27.740Z", "updated_at": "2025-08-04T17:32:27.740Z"}}, {"model": "crm.studentsubjectlevel", "pk": 489, "fields": {"student": 62, "subject": 1, "level": 2, "created_at": "2025-08-04T17:32:27.743Z", "updated_at": "2025-08-04T17:32:27.743Z"}}, {"model": "crm.studentsubjectlevel", "pk": 490, "fields": {"student": 63, "subject": 4, "level": 5, "created_at": "2025-08-04T17:32:27.746Z", "updated_at": "2025-08-04T17:32:27.746Z"}}, {"model": "crm.studentsubjectlevel", "pk": 491, "fields": {"student": 63, "subject": 5, "level": 1, "created_at": "2025-08-04T17:32:27.750Z", "updated_at": "2025-08-04T17:32:27.750Z"}}, {"model": "crm.studentsubjectlevel", "pk": 492, "fields": {"student": 63, "subject": 6, "level": 1, "created_at": "2025-08-04T17:32:27.753Z", "updated_at": "2025-08-04T17:32:27.754Z"}}, {"model": "crm.studentsubjectlevel", "pk": 493, "fields": {"student": 63, "subject": 7, "level": 1, "created_at": "2025-08-04T17:32:27.757Z", "updated_at": "2025-08-04T17:32:27.757Z"}}, {"model": "crm.studentsubjectlevel", "pk": 494, "fields": {"student": 63, "subject": 8, "level": 4, "created_at": "2025-08-04T17:32:27.773Z", "updated_at": "2025-08-04T17:32:27.773Z"}}, {"model": "crm.studentsubjectlevel", "pk": 495, "fields": {"student": 63, "subject": 2, "level": 3, "created_at": "2025-08-04T17:32:27.788Z", "updated_at": "2025-08-04T17:32:27.788Z"}}, {"model": "crm.studentsubjectlevel", "pk": 496, "fields": {"student": 63, "subject": 3, "level": 5, "created_at": "2025-08-04T17:32:27.792Z", "updated_at": "2025-08-04T17:32:27.792Z"}}, {"model": "crm.studentsubjectlevel", "pk": 497, "fields": {"student": 63, "subject": 1, "level": 3, "created_at": "2025-08-04T17:32:27.795Z", "updated_at": "2025-08-04T17:32:27.795Z"}}, {"model": "crm.studentsubjectlevel", "pk": 498, "fields": {"student": 64, "subject": 4, "level": 4, "created_at": "2025-08-04T17:32:27.798Z", "updated_at": "2025-08-04T17:32:27.798Z"}}, {"model": "crm.studentsubjectlevel", "pk": 499, "fields": {"student": 64, "subject": 5, "level": 2, "created_at": "2025-08-04T17:32:27.802Z", "updated_at": "2025-08-04T17:32:27.802Z"}}, {"model": "crm.studentsubjectlevel", "pk": 500, "fields": {"student": 64, "subject": 6, "level": 1, "created_at": "2025-08-04T17:32:27.804Z", "updated_at": "2025-08-04T17:32:27.804Z"}}, {"model": "crm.studentsubjectlevel", "pk": 501, "fields": {"student": 64, "subject": 7, "level": 1, "created_at": "2025-08-04T17:32:27.807Z", "updated_at": "2025-08-04T17:32:27.807Z"}}, {"model": "crm.studentsubjectlevel", "pk": 502, "fields": {"student": 64, "subject": 8, "level": 3, "created_at": "2025-08-04T17:32:27.810Z", "updated_at": "2025-08-04T17:32:27.810Z"}}, {"model": "crm.studentsubjectlevel", "pk": 503, "fields": {"student": 64, "subject": 2, "level": 1, "created_at": "2025-08-04T17:32:27.813Z", "updated_at": "2025-08-04T17:32:27.813Z"}}, {"model": "crm.studentsubjectlevel", "pk": 504, "fields": {"student": 64, "subject": 3, "level": 4, "created_at": "2025-08-04T17:32:27.818Z", "updated_at": "2025-08-04T17:32:27.818Z"}}, {"model": "crm.studentsubjectlevel", "pk": 505, "fields": {"student": 64, "subject": 1, "level": 2, "created_at": "2025-08-04T17:32:27.821Z", "updated_at": "2025-08-04T17:32:27.821Z"}}, {"model": "crm.studentsubjectlevel", "pk": 506, "fields": {"student": 65, "subject": 4, "level": 3, "created_at": "2025-08-04T17:32:27.825Z", "updated_at": "2025-08-04T17:32:27.825Z"}}, {"model": "crm.studentsubjectlevel", "pk": 507, "fields": {"student": 65, "subject": 5, "level": 6, "created_at": "2025-08-04T17:32:27.827Z", "updated_at": "2025-08-04T17:32:27.827Z"}}, {"model": "crm.studentsubjectlevel", "pk": 508, "fields": {"student": 65, "subject": 6, "level": 5, "created_at": "2025-08-04T17:32:27.830Z", "updated_at": "2025-08-04T17:32:27.830Z"}}, {"model": "crm.studentsubjectlevel", "pk": 509, "fields": {"student": 65, "subject": 7, "level": 6, "created_at": "2025-08-04T17:32:27.834Z", "updated_at": "2025-08-04T17:32:27.834Z"}}, {"model": "crm.studentsubjectlevel", "pk": 510, "fields": {"student": 65, "subject": 8, "level": 3, "created_at": "2025-08-04T17:32:27.837Z", "updated_at": "2025-08-04T17:32:27.837Z"}}, {"model": "crm.studentsubjectlevel", "pk": 511, "fields": {"student": 65, "subject": 2, "level": 4, "created_at": "2025-08-04T17:32:27.840Z", "updated_at": "2025-08-04T17:32:27.840Z"}}, {"model": "crm.studentsubjectlevel", "pk": 512, "fields": {"student": 65, "subject": 3, "level": 4, "created_at": "2025-08-04T17:32:27.843Z", "updated_at": "2025-08-04T17:32:27.843Z"}}, {"model": "crm.studentsubjectlevel", "pk": 513, "fields": {"student": 65, "subject": 1, "level": 5, "created_at": "2025-08-04T17:32:27.848Z", "updated_at": "2025-08-04T17:32:27.848Z"}}, {"model": "crm.studentsubjectlevel", "pk": 514, "fields": {"student": 66, "subject": 4, "level": 3, "created_at": "2025-08-04T17:32:27.851Z", "updated_at": "2025-08-04T17:32:27.851Z"}}, {"model": "crm.studentsubjectlevel", "pk": 515, "fields": {"student": 66, "subject": 5, "level": 1, "created_at": "2025-08-04T17:32:27.855Z", "updated_at": "2025-08-04T17:32:27.855Z"}}, {"model": "crm.studentsubjectlevel", "pk": 516, "fields": {"student": 66, "subject": 6, "level": 1, "created_at": "2025-08-04T17:32:27.858Z", "updated_at": "2025-08-04T17:32:27.858Z"}}, {"model": "crm.studentsubjectlevel", "pk": 517, "fields": {"student": 66, "subject": 7, "level": 5, "created_at": "2025-08-04T17:32:27.860Z", "updated_at": "2025-08-04T17:32:27.860Z"}}, {"model": "crm.studentsubjectlevel", "pk": 518, "fields": {"student": 66, "subject": 8, "level": 1, "created_at": "2025-08-04T17:32:27.864Z", "updated_at": "2025-08-04T17:32:27.864Z"}}, {"model": "crm.studentsubjectlevel", "pk": 519, "fields": {"student": 66, "subject": 2, "level": 1, "created_at": "2025-08-04T17:32:27.868Z", "updated_at": "2025-08-04T17:32:27.868Z"}}, {"model": "crm.studentsubjectlevel", "pk": 520, "fields": {"student": 66, "subject": 3, "level": 3, "created_at": "2025-08-04T17:32:27.871Z", "updated_at": "2025-08-04T17:32:27.871Z"}}, {"model": "crm.studentsubjectlevel", "pk": 521, "fields": {"student": 66, "subject": 1, "level": 4, "created_at": "2025-08-04T17:32:27.874Z", "updated_at": "2025-08-04T17:32:27.874Z"}}, {"model": "crm.studentsubjectlevel", "pk": 522, "fields": {"student": 67, "subject": 4, "level": 3, "created_at": "2025-08-04T17:32:27.877Z", "updated_at": "2025-08-04T17:32:27.877Z"}}, {"model": "crm.studentsubjectlevel", "pk": 523, "fields": {"student": 67, "subject": 5, "level": 3, "created_at": "2025-08-04T17:32:27.883Z", "updated_at": "2025-08-04T17:32:27.883Z"}}, {"model": "crm.studentsubjectlevel", "pk": 524, "fields": {"student": 67, "subject": 6, "level": 2, "created_at": "2025-08-04T17:32:27.886Z", "updated_at": "2025-08-04T17:32:27.886Z"}}, {"model": "crm.studentsubjectlevel", "pk": 525, "fields": {"student": 67, "subject": 7, "level": 6, "created_at": "2025-08-04T17:32:27.890Z", "updated_at": "2025-08-04T17:32:27.890Z"}}, {"model": "crm.studentsubjectlevel", "pk": 526, "fields": {"student": 67, "subject": 8, "level": 4, "created_at": "2025-08-04T17:32:27.893Z", "updated_at": "2025-08-04T17:32:27.893Z"}}, {"model": "crm.studentsubjectlevel", "pk": 527, "fields": {"student": 67, "subject": 2, "level": 5, "created_at": "2025-08-04T17:32:27.897Z", "updated_at": "2025-08-04T17:32:27.897Z"}}, {"model": "crm.studentsubjectlevel", "pk": 528, "fields": {"student": 67, "subject": 3, "level": 3, "created_at": "2025-08-04T17:32:27.901Z", "updated_at": "2025-08-04T17:32:27.901Z"}}, {"model": "crm.studentsubjectlevel", "pk": 529, "fields": {"student": 67, "subject": 1, "level": 2, "created_at": "2025-08-04T17:32:27.904Z", "updated_at": "2025-08-04T17:32:27.904Z"}}, {"model": "crm.studentsubjectlevel", "pk": 530, "fields": {"student": 68, "subject": 4, "level": 4, "created_at": "2025-08-04T17:32:27.907Z", "updated_at": "2025-08-04T17:32:27.907Z"}}, {"model": "crm.studentsubjectlevel", "pk": 531, "fields": {"student": 68, "subject": 5, "level": 5, "created_at": "2025-08-04T17:32:27.910Z", "updated_at": "2025-08-04T17:32:27.910Z"}}, {"model": "crm.studentsubjectlevel", "pk": 532, "fields": {"student": 68, "subject": 6, "level": 4, "created_at": "2025-08-04T17:32:27.917Z", "updated_at": "2025-08-04T17:32:27.917Z"}}, {"model": "crm.studentsubjectlevel", "pk": 533, "fields": {"student": 68, "subject": 7, "level": 6, "created_at": "2025-08-04T17:32:27.920Z", "updated_at": "2025-08-04T17:32:27.920Z"}}, {"model": "crm.studentsubjectlevel", "pk": 534, "fields": {"student": 68, "subject": 8, "level": 6, "created_at": "2025-08-04T17:32:27.924Z", "updated_at": "2025-08-04T17:32:27.924Z"}}, {"model": "crm.studentsubjectlevel", "pk": 535, "fields": {"student": 68, "subject": 2, "level": 1, "created_at": "2025-08-04T17:32:27.927Z", "updated_at": "2025-08-04T17:32:27.927Z"}}, {"model": "crm.studentsubjectlevel", "pk": 536, "fields": {"student": 68, "subject": 3, "level": 5, "created_at": "2025-08-04T17:32:27.930Z", "updated_at": "2025-08-04T17:32:27.930Z"}}, {"model": "crm.studentsubjectlevel", "pk": 537, "fields": {"student": 68, "subject": 1, "level": 3, "created_at": "2025-08-04T17:32:27.933Z", "updated_at": "2025-08-04T17:32:27.934Z"}}, {"model": "crm.studentsubjectlevel", "pk": 538, "fields": {"student": 69, "subject": 4, "level": 4, "created_at": "2025-08-04T17:32:27.936Z", "updated_at": "2025-08-04T17:32:27.936Z"}}, {"model": "crm.studentsubjectlevel", "pk": 539, "fields": {"student": 69, "subject": 5, "level": 3, "created_at": "2025-08-04T17:32:27.940Z", "updated_at": "2025-08-04T17:32:27.940Z"}}, {"model": "crm.studentsubjectlevel", "pk": 540, "fields": {"student": 69, "subject": 6, "level": 5, "created_at": "2025-08-04T17:32:27.943Z", "updated_at": "2025-08-04T17:32:27.943Z"}}, {"model": "crm.studentsubjectlevel", "pk": 541, "fields": {"student": 69, "subject": 7, "level": 6, "created_at": "2025-08-04T17:32:27.948Z", "updated_at": "2025-08-04T17:32:27.948Z"}}, {"model": "crm.studentsubjectlevel", "pk": 542, "fields": {"student": 69, "subject": 8, "level": 3, "created_at": "2025-08-04T17:32:27.951Z", "updated_at": "2025-08-04T17:32:27.951Z"}}, {"model": "crm.studentsubjectlevel", "pk": 543, "fields": {"student": 69, "subject": 2, "level": 5, "created_at": "2025-08-04T17:32:27.954Z", "updated_at": "2025-08-04T17:32:27.954Z"}}, {"model": "crm.studentsubjectlevel", "pk": 544, "fields": {"student": 69, "subject": 3, "level": 3, "created_at": "2025-08-04T17:32:27.957Z", "updated_at": "2025-08-04T17:32:27.957Z"}}, {"model": "crm.studentsubjectlevel", "pk": 545, "fields": {"student": 69, "subject": 1, "level": 6, "created_at": "2025-08-04T17:32:27.960Z", "updated_at": "2025-08-04T17:32:27.960Z"}}, {"model": "crm.studentsubjectlevel", "pk": 546, "fields": {"student": 70, "subject": 4, "level": 6, "created_at": "2025-08-04T17:32:27.964Z", "updated_at": "2025-08-04T17:32:27.964Z"}}, {"model": "crm.studentsubjectlevel", "pk": 547, "fields": {"student": 70, "subject": 5, "level": 5, "created_at": "2025-08-04T17:32:27.967Z", "updated_at": "2025-08-04T17:32:27.967Z"}}, {"model": "crm.studentsubjectlevel", "pk": 548, "fields": {"student": 70, "subject": 6, "level": 6, "created_at": "2025-08-04T17:32:27.971Z", "updated_at": "2025-08-04T17:32:27.971Z"}}, {"model": "crm.studentsubjectlevel", "pk": 549, "fields": {"student": 70, "subject": 7, "level": 3, "created_at": "2025-08-04T17:32:27.974Z", "updated_at": "2025-08-04T17:32:27.974Z"}}, {"model": "crm.studentsubjectlevel", "pk": 550, "fields": {"student": 70, "subject": 8, "level": 4, "created_at": "2025-08-04T17:32:27.977Z", "updated_at": "2025-08-04T17:32:27.977Z"}}, {"model": "crm.studentsubjectlevel", "pk": 551, "fields": {"student": 70, "subject": 2, "level": 5, "created_at": "2025-08-04T17:32:27.982Z", "updated_at": "2025-08-04T17:32:27.982Z"}}, {"model": "crm.studentsubjectlevel", "pk": 552, "fields": {"student": 70, "subject": 3, "level": 2, "created_at": "2025-08-04T17:32:27.985Z", "updated_at": "2025-08-04T17:32:27.985Z"}}, {"model": "crm.studentsubjectlevel", "pk": 553, "fields": {"student": 70, "subject": 1, "level": 6, "created_at": "2025-08-04T17:32:27.989Z", "updated_at": "2025-08-04T17:32:27.989Z"}}, {"model": "crm.studentsubjectlevel", "pk": 554, "fields": {"student": 71, "subject": 4, "level": 5, "created_at": "2025-08-04T17:32:28.003Z", "updated_at": "2025-08-04T17:32:28.003Z"}}, {"model": "crm.studentsubjectlevel", "pk": 555, "fields": {"student": 71, "subject": 5, "level": 2, "created_at": "2025-08-04T17:32:28.007Z", "updated_at": "2025-08-04T17:32:28.007Z"}}, {"model": "crm.studentsubjectlevel", "pk": 556, "fields": {"student": 71, "subject": 6, "level": 6, "created_at": "2025-08-04T17:32:28.010Z", "updated_at": "2025-08-04T17:32:28.010Z"}}, {"model": "crm.studentsubjectlevel", "pk": 557, "fields": {"student": 71, "subject": 7, "level": 6, "created_at": "2025-08-04T17:32:28.014Z", "updated_at": "2025-08-04T17:32:28.014Z"}}, {"model": "crm.studentsubjectlevel", "pk": 558, "fields": {"student": 71, "subject": 8, "level": 6, "created_at": "2025-08-04T17:32:28.018Z", "updated_at": "2025-08-04T17:32:28.018Z"}}, {"model": "crm.studentsubjectlevel", "pk": 559, "fields": {"student": 71, "subject": 2, "level": 4, "created_at": "2025-08-04T17:32:28.021Z", "updated_at": "2025-08-04T17:32:28.021Z"}}, {"model": "crm.studentsubjectlevel", "pk": 560, "fields": {"student": 71, "subject": 3, "level": 5, "created_at": "2025-08-04T17:32:28.026Z", "updated_at": "2025-08-04T17:32:28.026Z"}}, {"model": "crm.studentsubjectlevel", "pk": 561, "fields": {"student": 71, "subject": 1, "level": 6, "created_at": "2025-08-04T17:32:28.029Z", "updated_at": "2025-08-04T17:32:28.030Z"}}, {"model": "crm.studentsubjectlevel", "pk": 562, "fields": {"student": 72, "subject": 4, "level": 6, "created_at": "2025-08-04T17:32:28.035Z", "updated_at": "2025-08-04T17:32:28.035Z"}}, {"model": "crm.studentsubjectlevel", "pk": 563, "fields": {"student": 72, "subject": 5, "level": 2, "created_at": "2025-08-04T17:32:28.039Z", "updated_at": "2025-08-04T17:32:28.039Z"}}, {"model": "crm.studentsubjectlevel", "pk": 564, "fields": {"student": 72, "subject": 6, "level": 6, "created_at": "2025-08-04T17:32:28.042Z", "updated_at": "2025-08-04T17:32:28.042Z"}}, {"model": "crm.studentsubjectlevel", "pk": 565, "fields": {"student": 72, "subject": 7, "level": 5, "created_at": "2025-08-04T17:32:28.045Z", "updated_at": "2025-08-04T17:32:28.045Z"}}, {"model": "crm.studentsubjectlevel", "pk": 566, "fields": {"student": 72, "subject": 8, "level": 6, "created_at": "2025-08-04T17:32:28.048Z", "updated_at": "2025-08-04T17:32:28.048Z"}}, {"model": "crm.studentsubjectlevel", "pk": 567, "fields": {"student": 72, "subject": 2, "level": 3, "created_at": "2025-08-04T17:32:28.052Z", "updated_at": "2025-08-04T17:32:28.052Z"}}, {"model": "crm.studentsubjectlevel", "pk": 568, "fields": {"student": 72, "subject": 3, "level": 3, "created_at": "2025-08-04T17:32:28.055Z", "updated_at": "2025-08-04T17:32:28.055Z"}}, {"model": "crm.studentsubjectlevel", "pk": 569, "fields": {"student": 72, "subject": 1, "level": 3, "created_at": "2025-08-04T17:32:28.060Z", "updated_at": "2025-08-04T17:32:28.060Z"}}, {"model": "crm.studentsubjectlevel", "pk": 570, "fields": {"student": 73, "subject": 4, "level": 4, "created_at": "2025-08-04T17:32:28.063Z", "updated_at": "2025-08-04T17:32:28.063Z"}}, {"model": "crm.studentsubjectlevel", "pk": 571, "fields": {"student": 73, "subject": 5, "level": 6, "created_at": "2025-08-04T17:32:28.067Z", "updated_at": "2025-08-04T17:32:28.067Z"}}, {"model": "crm.studentsubjectlevel", "pk": 572, "fields": {"student": 73, "subject": 6, "level": 4, "created_at": "2025-08-04T17:32:28.070Z", "updated_at": "2025-08-04T17:32:28.070Z"}}, {"model": "crm.studentsubjectlevel", "pk": 573, "fields": {"student": 73, "subject": 7, "level": 3, "created_at": "2025-08-04T17:32:28.073Z", "updated_at": "2025-08-04T17:32:28.073Z"}}, {"model": "crm.studentsubjectlevel", "pk": 574, "fields": {"student": 73, "subject": 8, "level": 1, "created_at": "2025-08-04T17:32:28.076Z", "updated_at": "2025-08-04T17:32:28.076Z"}}, {"model": "crm.studentsubjectlevel", "pk": 575, "fields": {"student": 73, "subject": 2, "level": 6, "created_at": "2025-08-04T17:32:28.078Z", "updated_at": "2025-08-04T17:32:28.078Z"}}, {"model": "crm.studentsubjectlevel", "pk": 576, "fields": {"student": 73, "subject": 3, "level": 5, "created_at": "2025-08-04T17:32:28.082Z", "updated_at": "2025-08-04T17:32:28.082Z"}}, {"model": "crm.studentsubjectlevel", "pk": 577, "fields": {"student": 73, "subject": 1, "level": 2, "created_at": "2025-08-04T17:32:28.085Z", "updated_at": "2025-08-04T17:32:28.085Z"}}, {"model": "crm.studentsubjectlevel", "pk": 578, "fields": {"student": 74, "subject": 4, "level": 4, "created_at": "2025-08-04T17:32:28.089Z", "updated_at": "2025-08-04T17:32:28.089Z"}}, {"model": "crm.studentsubjectlevel", "pk": 579, "fields": {"student": 74, "subject": 5, "level": 4, "created_at": "2025-08-04T17:32:28.093Z", "updated_at": "2025-08-04T17:32:28.093Z"}}, {"model": "crm.studentsubjectlevel", "pk": 580, "fields": {"student": 74, "subject": 6, "level": 6, "created_at": "2025-08-04T17:32:28.096Z", "updated_at": "2025-08-04T17:32:28.096Z"}}, {"model": "crm.studentsubjectlevel", "pk": 581, "fields": {"student": 74, "subject": 7, "level": 6, "created_at": "2025-08-04T17:32:28.099Z", "updated_at": "2025-08-04T17:32:28.099Z"}}, {"model": "crm.studentsubjectlevel", "pk": 582, "fields": {"student": 74, "subject": 8, "level": 1, "created_at": "2025-08-04T17:32:28.102Z", "updated_at": "2025-08-04T17:32:28.102Z"}}, {"model": "crm.studentsubjectlevel", "pk": 583, "fields": {"student": 74, "subject": 2, "level": 6, "created_at": "2025-08-04T17:32:28.105Z", "updated_at": "2025-08-04T17:32:28.105Z"}}, {"model": "crm.studentsubjectlevel", "pk": 584, "fields": {"student": 74, "subject": 3, "level": 6, "created_at": "2025-08-04T17:32:28.108Z", "updated_at": "2025-08-04T17:32:28.108Z"}}, {"model": "crm.studentsubjectlevel", "pk": 585, "fields": {"student": 74, "subject": 1, "level": 2, "created_at": "2025-08-04T17:32:28.111Z", "updated_at": "2025-08-04T17:32:28.111Z"}}, {"model": "crm.studentsubjectlevel", "pk": 586, "fields": {"student": 75, "subject": 4, "level": 3, "created_at": "2025-08-04T17:32:28.114Z", "updated_at": "2025-08-04T17:32:28.114Z"}}, {"model": "crm.studentsubjectlevel", "pk": 587, "fields": {"student": 75, "subject": 5, "level": 3, "created_at": "2025-08-04T17:32:28.118Z", "updated_at": "2025-08-04T17:32:28.118Z"}}, {"model": "crm.studentsubjectlevel", "pk": 588, "fields": {"student": 75, "subject": 6, "level": 4, "created_at": "2025-08-04T17:32:28.122Z", "updated_at": "2025-08-04T17:32:28.122Z"}}, {"model": "crm.studentsubjectlevel", "pk": 589, "fields": {"student": 75, "subject": 7, "level": 4, "created_at": "2025-08-04T17:32:28.125Z", "updated_at": "2025-08-04T17:32:28.125Z"}}, {"model": "crm.studentsubjectlevel", "pk": 590, "fields": {"student": 75, "subject": 8, "level": 1, "created_at": "2025-08-04T17:32:28.128Z", "updated_at": "2025-08-04T17:32:28.128Z"}}, {"model": "crm.studentsubjectlevel", "pk": 591, "fields": {"student": 75, "subject": 2, "level": 1, "created_at": "2025-08-04T17:32:28.131Z", "updated_at": "2025-08-04T17:32:28.131Z"}}, {"model": "crm.studentsubjectlevel", "pk": 592, "fields": {"student": 75, "subject": 3, "level": 4, "created_at": "2025-08-04T17:32:28.135Z", "updated_at": "2025-08-04T17:32:28.135Z"}}, {"model": "crm.studentsubjectlevel", "pk": 593, "fields": {"student": 75, "subject": 1, "level": 4, "created_at": "2025-08-04T17:32:28.139Z", "updated_at": "2025-08-04T17:32:28.139Z"}}, {"model": "crm.studentsubjectlevel", "pk": 594, "fields": {"student": 76, "subject": 4, "level": 6, "created_at": "2025-08-04T17:32:28.141Z", "updated_at": "2025-08-04T17:32:28.141Z"}}, {"model": "crm.studentsubjectlevel", "pk": 595, "fields": {"student": 76, "subject": 5, "level": 5, "created_at": "2025-08-04T17:32:28.144Z", "updated_at": "2025-08-04T17:32:28.144Z"}}, {"model": "crm.studentsubjectlevel", "pk": 596, "fields": {"student": 76, "subject": 6, "level": 2, "created_at": "2025-08-04T17:32:28.147Z", "updated_at": "2025-08-04T17:32:28.147Z"}}, {"model": "crm.studentsubjectlevel", "pk": 597, "fields": {"student": 76, "subject": 7, "level": 5, "created_at": "2025-08-04T17:32:28.152Z", "updated_at": "2025-08-04T17:32:28.152Z"}}, {"model": "crm.studentsubjectlevel", "pk": 598, "fields": {"student": 76, "subject": 8, "level": 3, "created_at": "2025-08-04T17:32:28.156Z", "updated_at": "2025-08-04T17:32:28.156Z"}}, {"model": "crm.studentsubjectlevel", "pk": 599, "fields": {"student": 76, "subject": 2, "level": 3, "created_at": "2025-08-04T17:32:28.159Z", "updated_at": "2025-08-04T17:32:28.159Z"}}, {"model": "crm.studentsubjectlevel", "pk": 600, "fields": {"student": 76, "subject": 3, "level": 3, "created_at": "2025-08-04T17:32:28.162Z", "updated_at": "2025-08-04T17:32:28.162Z"}}, {"model": "crm.studentsubjectlevel", "pk": 601, "fields": {"student": 76, "subject": 1, "level": 5, "created_at": "2025-08-04T17:32:28.165Z", "updated_at": "2025-08-04T17:32:28.165Z"}}, {"model": "crm.studentsubjectlevel", "pk": 602, "fields": {"student": 77, "subject": 4, "level": 6, "created_at": "2025-08-04T17:32:28.170Z", "updated_at": "2025-08-04T17:32:28.170Z"}}, {"model": "crm.studentsubjectlevel", "pk": 603, "fields": {"student": 77, "subject": 5, "level": 2, "created_at": "2025-08-04T17:32:28.173Z", "updated_at": "2025-08-04T17:32:28.173Z"}}, {"model": "crm.studentsubjectlevel", "pk": 604, "fields": {"student": 77, "subject": 6, "level": 6, "created_at": "2025-08-04T17:32:28.176Z", "updated_at": "2025-08-04T17:32:28.176Z"}}, {"model": "crm.studentsubjectlevel", "pk": 605, "fields": {"student": 77, "subject": 7, "level": 6, "created_at": "2025-08-04T17:32:28.179Z", "updated_at": "2025-08-04T17:32:28.179Z"}}, {"model": "crm.studentsubjectlevel", "pk": 606, "fields": {"student": 77, "subject": 8, "level": 4, "created_at": "2025-08-04T17:32:28.184Z", "updated_at": "2025-08-04T17:32:28.184Z"}}, {"model": "crm.studentsubjectlevel", "pk": 607, "fields": {"student": 77, "subject": 2, "level": 6, "created_at": "2025-08-04T17:32:28.189Z", "updated_at": "2025-08-04T17:32:28.189Z"}}, {"model": "crm.studentsubjectlevel", "pk": 608, "fields": {"student": 77, "subject": 3, "level": 5, "created_at": "2025-08-04T17:32:28.192Z", "updated_at": "2025-08-04T17:32:28.192Z"}}, {"model": "crm.studentsubjectlevel", "pk": 609, "fields": {"student": 77, "subject": 1, "level": 3, "created_at": "2025-08-04T17:32:28.195Z", "updated_at": "2025-08-04T17:32:28.195Z"}}, {"model": "crm.studentsubjectlevel", "pk": 610, "fields": {"student": 78, "subject": 4, "level": 2, "created_at": "2025-08-04T17:32:28.199Z", "updated_at": "2025-08-04T17:32:28.199Z"}}, {"model": "crm.studentsubjectlevel", "pk": 611, "fields": {"student": 78, "subject": 5, "level": 1, "created_at": "2025-08-04T17:32:28.203Z", "updated_at": "2025-08-04T17:32:28.203Z"}}, {"model": "crm.studentsubjectlevel", "pk": 612, "fields": {"student": 78, "subject": 6, "level": 4, "created_at": "2025-08-04T17:32:28.206Z", "updated_at": "2025-08-04T17:32:28.206Z"}}, {"model": "crm.studentsubjectlevel", "pk": 613, "fields": {"student": 78, "subject": 7, "level": 2, "created_at": "2025-08-04T17:32:28.209Z", "updated_at": "2025-08-04T17:32:28.209Z"}}, {"model": "crm.studentsubjectlevel", "pk": 614, "fields": {"student": 78, "subject": 8, "level": 3, "created_at": "2025-08-04T17:32:28.212Z", "updated_at": "2025-08-04T17:32:28.212Z"}}, {"model": "crm.studentsubjectlevel", "pk": 615, "fields": {"student": 78, "subject": 2, "level": 4, "created_at": "2025-08-04T17:32:28.217Z", "updated_at": "2025-08-04T17:32:28.217Z"}}, {"model": "crm.studentsubjectlevel", "pk": 616, "fields": {"student": 78, "subject": 3, "level": 6, "created_at": "2025-08-04T17:32:28.222Z", "updated_at": "2025-08-04T17:32:28.222Z"}}, {"model": "crm.studentsubjectlevel", "pk": 617, "fields": {"student": 78, "subject": 1, "level": 5, "created_at": "2025-08-04T17:32:28.225Z", "updated_at": "2025-08-04T17:32:28.225Z"}}, {"model": "crm.mentorsubject", "pk": 1, "fields": {"mentor": 1, "subject": 1, "created_at": "2025-08-01T08:22:08.113Z", "updated_at": "2025-08-01T08:22:08.113Z"}}, {"model": "crm.subject", "pk": 1, "fields": {"name": "Matematika", "description": ""}}, {"model": "crm.subject", "pk": 2, "fields": {"name": "Lietuvių gramatika", "description": ""}}, {"model": "crm.subject", "pk": 3, "fields": {"name": "Lietuvių literatūra", "description": ""}}, {"model": "crm.subject", "pk": 4, "fields": {"name": "Biologija gamtos mokslai", "description": ""}}, {"model": "crm.subject", "pk": 5, "fields": {"name": "Chemija", "description": ""}}, {"model": "crm.subject", "pk": 6, "fields": {"name": "English", "description": ""}}, {"model": "crm.subject", "pk": 7, "fields": {"name": "Fizika", "description": ""}}, {"model": "crm.subject", "pk": 8, "fields": {"name": "Humanitariniai socialiniai mokslai", "description": ""}}, {"model": "crm.level", "pk": 1, "fields": {"name": "LVL1", "description": ""}}, {"model": "crm.level", "pk": 2, "fields": {"name": "LVL2", "description": ""}}, {"model": "crm.level", "pk": 3, "fields": {"name": "LVL3", "description": ""}}, {"model": "crm.level", "pk": 4, "fields": {"name": "LVL4", "description": ""}}, {"model": "crm.level", "pk": 5, "fields": {"name": "LVL5", "description": ""}}, {"model": "crm.level", "pk": 6, "fields": {"name": "LVL6", "description": ""}}, {"model": "crm.component", "pk": 1, "fields": {"name": "Test komponentai", "description": ""}}, {"model": "crm.skill", "pk": 2, "fields": {"code": "A1", "name": "Įvykių, reiškinių priežastys ir padariniai.", "description": "Apibūdina svarbiausių senovės, viduramžių ir ankstyvųjų naujųjų laikų įvykių, reiškinių priežastis, pasekmes. Aptaria konkretaus įvykio ar reiškinio reikšmę skirtingoms asmenybėms, visuomenės grupėms arba valstybėms. Nagrinėdamas panašaus pobūdžio įvykių, reiškinių priežastis ir pasekmes, nustato jų panašumus bei skirtumus (A1.3).", "subject": 1}}, {"model": "crm.skill", "pk": 3, "fields": {"code": "A3", "name": "Testas", "description": "asdfsaf", "subject": 2}}, {"model": "crm.skill", "pk": 4, "fields": {"code": "dfdfdf", "name": "fdghghgfdhdfhdfh", "description": "", "subject": 2}}, {"model": "crm.competency", "pk": 1, "fields": {"name": "Test kompetencijos", "description": ""}}, {"model": "crm.virtue", "pk": 1, "fields": {"name": "Atkaklumas", "description": "Užsispyrimas siekiant tikslų"}}, {"model": "crm.virtue", "pk": 2, "fields": {"name": "Nuošidumas", "description": "Sąžiningumas ir tiesumas"}}, {"model": "crm.virtue", "pk": 3, "fields": {"name": "Dosnumas", "description": "Pasiryžimas padėti kitiems"}}, {"model": "crm.virtue", "pk": 4, "fields": {"name": "Tvirtumas", "description": "Stiprus charakteris ir valia"}}, {"model": "crm.virtue", "pk": 5, "fields": {"name": "Optimizmas", "description": "Teigiamas požiūris į gyvenimą"}}, {"model": "crm.virtue", "pk": 6, "fields": {"name": "Tvarkingumas", "description": "Sistemingumas ir organizuotumas"}}, {"model": "crm.virtue", "pk": 7, "fields": {"name": "Atsakomybė", "description": "Atsakingumas už savo veiksmus"}}, {"model": "crm.virtue", "pk": 8, "fields": {"name": "Pagarba kitiems", "description": "Gerbti kitus žmones"}}, {"model": "crm.virtue", "pk": 9, "fields": {"name": "Kuklumas", "description": "Nuolankumas ir paprastumas"}}, {"model": "crm.virtue", "pk": 10, "fields": {"name": "Saikingumas", "description": "Suvokimas ir saikingumas"}}, {"model": "crm.virtue", "pk": 11, "fields": {"name": "Lankstumas", "description": "Gebėjimas prisitaikyti"}}, {"model": "crm.virtue", "pk": 12, "fields": {"name": "Ištikimybė", "description": "Ištikimas pažadams ir žmonėms"}}, {"model": "crm.virtue", "pk": 13, "fields": {"name": "Darbštumas", "description": "Darbingumas ir energingumas"}}, {"model": "crm.virtue", "pk": 14, "fields": {"name": "Kantrybė", "description": "Kantrumas ir ištvermingumas"}}, {"model": "crm.virtue", "pk": 15, "fields": {"name": "Teisingumas", "description": "Teisingumas ir sąžiningumas"}}, {"model": "crm.virtue", "pk": 16, "fields": {"name": "Paklusnumas", "description": "Paklusnumas taisyklių"}}, {"model": "crm.virtue", "pk": 17, "fields": {"name": "Nuovoka", "description": "Gebėjimas greitai suprasti"}}, {"model": "crm.virtue", "pk": 18, "fields": {"name": "Drąsa", "description": "Drąsa veikti ir sprendžiant"}}, {"model": "crm.virtue", "pk": 19, "fields": {"name": "Nuolankumas", "description": "Nuolankumas ir paklusnumas"}}, {"model": "crm.virtue", "pk": 20, "fields": {"name": "Paprastumas", "description": "Paprastumas ir aiškumas"}}, {"model": "crm.virtue", "pk": 21, "fields": {"name": "Socialumas", "description": "Gebėjimas bendrauti"}}, {"model": "crm.virtue", "pk": 22, "fields": {"name": "Draugystė", "description": "Draugiškumas ir atsidavimas"}}, {"model": "crm.virtue", "pk": 23, "fields": {"name": "Supratimas", "description": "Gebėjimas suprasti kitus"}}, {"model": "crm.virtue", "pk": 24, "fields": {"name": "Patriotizmas", "description": "Meilė tėvynei"}}, {"model": "crm.competencyatcheve", "pk": 4, "fields": {"subject": 2, "competency": 1, "todos": "[\"Pirst\",\"Bumpt\"]", "virtues": [1]}}, {"model": "crm.competencyatcheve", "pk": 5, "fields": {"subject": 2, "competency": 1, "todos": "[\"1\",\"2\",\"3\"]", "virtues": [2]}}, {"model": "crm.lesson", "pk": 12, "fields": {"title": "Testas", "subject": 2, "mentor": 1, "description": "", "assessment_criteria": "", "topic": "Mano", "objectives": "[\"T1\"]", "components": "[\"K1\"]", "competencies": "[]", "focus": "[\"F1\",\"d\"]", "slenkstinis": "S1", "bazinis": "B2", "pagrindinis": "P3", "aukstesnysis": "A4", "created_at": "2025-08-04T15:39:22.284Z", "updated_at": "2025-08-04T16:29:49.057Z", "levels": [1], "skills": [3, 4], "virtues": [1], "competency_atcheves": [4]}}, {"model": "crm.lesson", "pk": 13, "fields": {"title": "M", "subject": 1, "mentor": 1, "description": "", "assessment_criteria": "", "topic": "M", "objectives": "[\"f\"]", "components": "[\"G\"]", "competencies": "[]", "focus": "[\"7\"]", "slenkstinis": "1", "bazinis": "2", "pagrindinis": "3", "aukstesnysis": "4", "created_at": "2025-08-04T15:45:36.047Z", "updated_at": "2025-08-04T15:45:36.047Z", "levels": [1, 2], "skills": [], "virtues": [1, 2], "competency_atcheves": []}}, {"model": "crm.lesson", "pk": 14, "fields": {"title": "T1", "subject": 2, "mentor": 1, "description": "", "assessment_criteria": "", "topic": "Kuriama", "objectives": "[\"G\"]", "components": "[\"F\"]", "competencies": "[]", "focus": "[]", "slenkstinis": "1", "bazinis": "2", "pagrindinis": "3", "aukstesnysis": "4", "created_at": "2025-08-04T15:59:31.303Z", "updated_at": "2025-08-04T15:59:31.303Z", "levels": [1, 2], "skills": [3, 4], "virtues": [1, 2], "competency_atcheves": []}}, {"model": "crm.lesson", "pk": 16, "fields": {"title": "T2", "subject": 2, "mentor": 1, "description": "", "assessment_criteria": "", "topic": "Mano", "objectives": "[\"t\"]", "components": "[\"k\"]", "competencies": "[]", "focus": "[\"f\"]", "slenkstinis": "1", "bazinis": "2", "pagrindinis": "3", "aukstesnysis": "4", "created_at": "2025-08-04T16:12:55.736Z", "updated_at": "2025-08-04T16:18:41.072Z", "levels": [1], "skills": [3, 4], "virtues": [1], "competency_atcheves": [5]}}, {"model": "crm.lesson", "pk": 17, "fields": {"title": "Paskutinis testas", "subject": 2, "mentor": 1, "description": "", "assessment_criteria": "", "topic": "Galas", "objectives": "[\"Pamokos tikslai\"]", "components": "[\"Komponentai\"]", "competencies": "[]", "focus": "[\"Fokusas veiksmai 1\",\"Fokusas veiksmai 2\"]", "slenkstinis": "q", "bazinis": "w", "pagrindinis": "e", "aukstesnysis": "r", "created_at": "2025-08-04T16:38:20.165Z", "updated_at": "2025-08-04T16:38:40.865Z", "levels": [1], "skills": [3], "virtues": [2], "competency_atcheves": [4]}}]